order_no,amount,customer_no,branch,brand,quantity,transaction_datetime,sku
ORD551895,6535,CUST7763,CHIANGMAI,NIKE,3,2024-10-27 04:38:21,NI-SHIRT-97
ORD184857,3702,CUST3206,HATYAI,NEW_BALANCE,6,2024-08-02 20:11:26,NE-SHOE-72
ORD302511,1351,CUST2203,PATTAYA,NIKE,1,2024-09-07 19:18:07,NI-PANT-03
ORD166400,3617,CUST8527,HATYAI,REEBOK,2,2024-07-27 17:12:54,RE-SOCK-62
ORD748924,4580,CUST6546,CHIANGMAI,REEBOK,9,2024-01-14 01:40:09,RE-SOCK-73
ORD850991,5191,CUST7174,PATTAYA,REEBOK,8,2024-01-28 08:25:41,RE-PANT-44
ORD525029,4724,CUST3483,PATTAYA,NIKE,3,2024-09-21 21:43:35,NI-HAT-05
ORD800777,6680,CUST3811,KHONKAEN,NIKE,8,2024-09-08 10:06:56,NI-BAG-24
ORD550115,181,CUST2125,BANGKOK,NIKE,7,2024-03-26 13:14:01,NI-PANT-92
ORD838676,7497,CUST9901,BANGKOK,UNDER_ARMOUR,1,2024-01-16 22:37:13,UN-HAT-11
ORD675278,662,CUST9010,HATYAI,NIKE,7,2024-04-23 08:20:15,NI-SHOE-51
ORD246434,4216,CUST6708,PHUKET,NEW_BALANCE,9,2024-11-08 05:37:12,NE-HAT-91
ORD917025,8301,CUST5937,PATTAYA,ADIDAS,2,2024-09-08 05:07:14,AD-HAT-72
ORD402868,4711,CUST4342,PHUKET,NIKE,4,2024-09-04 02:46:56,NI-SHOE-65
ORD822422,3228,CUST4857,PHUKET,NIKE,8,2024-05-03 23:22:21,NI-SHOE-39
ORD362493,3183,CUST5187,HATYAI,REEBOK,7,2024-08-02 11:07:57,RE-SHIRT-96
ORD210085,600,CUST4920,BANGKOK,UNDER_ARMOUR,2,2024-03-20 17:33:23,UN-PANT-78
ORD128789,8236,CUST9772,BANGKOK,PUMA,3,2024-11-30 01:27:29,PU-PANT-43
ORD538668,1305,CUST4405,HATYAI,NEW_BALANCE,2,2024-07-22 13:56:28,NE-SHOE-88
ORD992136,241,CUST5291,HATYAI,NIKE,7,2024-04-27 23:13:59,NI-SHIRT-77
ORD534406,4386,CUST6158,CHIANGMAI,ADIDAS,7,2024-12-14 08:12:36,AD-BAG-39
ORD569887,1179,CUST9528,HATYAI,NEW_BALANCE,5,2024-09-28 18:00:06,NE-PANT-07
ORD417501,865,CUST3442,BANGKOK,NEW_BALANCE,5,2024-08-08 08:41:08,NE-SHIRT-60
ORD885908,5435,CUST3882,PATTAYA,PUMA,5,2024-05-10 12:04:20,PU-SOCK-02
ORD571094,6620,CUST1960,PHUKET,NEW_BALANCE,2,2024-10-14 15:37:51,NE-BAG-04
ORD479662,223,CUST3825,BANGKOK,NIKE,3,2024-06-12 00:14:07,NI-SHIRT-35
ORD359026,5848,CUST8895,KHONKAEN,UNDER_ARMOUR,6,2024-07-16 11:22:58,UN-SHIRT-84
ORD128330,9768,CUST9512,PHUKET,UNDER_ARMOUR,2,2024-12-26 09:54:26,UN-PANT-88
ORD654927,4233,CUST1681,CHIANGMAI,REEBOK,5,2024-09-28 14:46:17,RE-SHOE-77
ORD133667,1365,CUST9191,PATTAYA,ADIDAS,3,2024-06-15 05:22:48,AD-SHIRT-63
ORD930605,3321,CUST4649,HATYAI,REEBOK,2,2024-09-21 20:36:41,RE-PANT-13
ORD564405,408,CUST3637,PATTAYA,UNDER_ARMOUR,8,2024-04-17 06:10:51,UN-SOCK-08
ORD354864,162,CUST9829,BANGKOK,REEBOK,3,2024-02-16 16:52:08,RE-SHIRT-96
ORD479242,5177,CUST3173,KHONKAEN,NEW_BALANCE,1,2024-06-26 02:56:47,NE-SHOE-33
ORD157225,7661,CUST5268,KHONKAEN,UNDER_ARMOUR,9,2024-05-14 07:57:15,UN-SHIRT-76
ORD371454,4739,CUST5006,CHIANGMAI,NIKE,2,2024-06-29 15:37:45,NI-BAG-40
ORD852502,8647,CUST9780,PHUKET,REEBOK,6,2024-08-03 08:43:33,RE-HAT-78
ORD301959,8184,CUST8795,CHIANGMAI,PUMA,8,2024-12-19 03:34:05,PU-SHIRT-25
ORD276557,7838,CUST3768,HATYAI,NEW_BALANCE,9,2024-03-15 07:07:55,NE-SOCK-63
ORD252651,6658,CUST2234,HATYAI,UNDER_ARMOUR,7,2024-10-12 10:46:52,UN-PANT-59
ORD817079,2228,CUST2537,BANGKOK,ADIDAS,6,2024-11-18 17:13:03,AD-HAT-26
ORD332669,4198,CUST3816,PATTAYA,REEBOK,3,2024-04-09 10:12:53,RE-SHOE-67
ORD997626,5407,CUST8795,PHUKET,NEW_BALANCE,1,2024-10-18 06:05:11,NE-SHIRT-05
ORD532477,9195,CUST3552,PATTAYA,NIKE,2,2024-06-14 12:41:32,NI-SHOE-21
ORD658915,9889,CUST7986,BANGKOK,PUMA,7,2024-03-02 16:06:47,PU-SOCK-82
ORD534599,3148,CUST9057,KHONKAEN,NEW_BALANCE,3,2024-02-09 01:06:27,NE-PANT-22
ORD503986,1096,CUST4993,HATYAI,PUMA,9,2024-04-21 13:28:05,PU-HAT-38
ORD772298,6873,CUST1037,BANGKOK,UNDER_ARMOUR,2,2024-05-18 19:23:46,UN-HAT-28
ORD285255,6133,CUST4213,CHIANGMAI,ADIDAS,3,2024-05-22 23:54:59,AD-BAG-72
ORD821533,5701,CUST8889,PATTAYA,PUMA,4,2024-12-08 08:58:13,PU-SHIRT-19
ORD274441,671,CUST7724,KHONKAEN,NEW_BALANCE,2,2024-06-13 01:18:28,NE-HAT-06
ORD570645,4370,CUST4311,CHIANGMAI,NEW_BALANCE,7,2024-11-30 23:28:18,NE-SHIRT-31
ORD673738,3887,CUST7616,PATTAYA,ADIDAS,7,2024-03-10 02:26:12,AD-PANT-55
ORD691140,3076,CUST5456,PHUKET,UNDER_ARMOUR,1,2024-05-20 05:42:41,UN-HAT-03
ORD358178,7209,CUST6139,PATTAYA,NIKE,1,2024-06-28 15:04:24,NI-SHOE-62
ORD251651,3588,CUST1564,BANGKOK,PUMA,5,2024-03-01 07:01:56,PU-PANT-28
ORD590970,3230,CUST4931,HATYAI,REEBOK,8,2024-10-20 18:26:30,RE-SHOE-76
ORD728345,5348,CUST6764,BANGKOK,REEBOK,3,2024-09-13 05:07:02,RE-PANT-46
ORD976525,3796,CUST8340,BANGKOK,UNDER_ARMOUR,2,2024-04-22 23:15:58,UN-PANT-27
ORD257522,3374,CUST1238,CHIANGMAI,NEW_BALANCE,6,2024-06-22 10:23:08,NE-HAT-54
ORD607587,7605,CUST7087,HATYAI,ADIDAS,9,2024-01-06 06:01:31,AD-HAT-82
ORD939829,9738,CUST5608,HATYAI,ADIDAS,5,2024-09-23 07:11:58,AD-SHOE-67
ORD804376,6243,CUST9170,CHIANGMAI,NEW_BALANCE,7,2024-02-06 12:55:34,NE-SHIRT-23
ORD650822,9701,CUST1675,PHUKET,PUMA,6,2024-08-30 10:19:59,PU-SHIRT-94
ORD343331,1998,CUST3710,PHUKET,REEBOK,6,2024-07-06 19:58:18,RE-PANT-47
ORD106534,4973,CUST2972,CHIANGMAI,REEBOK,6,2024-04-16 18:52:26,RE-BAG-24
ORD835507,270,CUST5042,BANGKOK,NEW_BALANCE,3,2024-10-07 16:27:21,NE-SHOE-92
ORD915372,8121,CUST3389,PHUKET,UNDER_ARMOUR,9,2024-06-24 13:46:38,UN-SOCK-07
ORD352506,2596,CUST3322,BANGKOK,UNDER_ARMOUR,3,2024-08-26 08:16:28,UN-SOCK-42
ORD293347,6304,CUST7100,PHUKET,UNDER_ARMOUR,5,2024-12-09 20:37:54,UN-BAG-08
ORD667046,1300,CUST4020,HATYAI,ADIDAS,8,2024-02-13 03:00:08,AD-SOCK-38
ORD900420,4038,CUST8055,KHONKAEN,NIKE,8,2024-11-17 15:41:56,NI-BAG-82
ORD208943,5208,CUST2116,PATTAYA,NIKE,8,2024-01-28 16:51:21,NI-HAT-32
ORD503083,7982,CUST2042,PHUKET,UNDER_ARMOUR,8,2024-12-29 14:28:09,UN-SHIRT-80
ORD840864,8825,CUST5565,HATYAI,PUMA,1,2024-09-04 01:57:49,PU-BAG-65
ORD315340,3294,CUST8525,BANGKOK,REEBOK,3,2024-05-24 13:32:57,RE-HAT-45
ORD711370,572,CUST3200,KHONKAEN,NEW_BALANCE,9,2024-07-25 10:44:02,NE-SHOE-27
ORD731971,4040,CUST5800,PATTAYA,REEBOK,7,2024-11-14 11:23:03,RE-SOCK-30
ORD938707,5593,CUST7387,PATTAYA,ADIDAS,3,2024-08-09 08:22:02,AD-SOCK-49
ORD576801,271,CUST8927,PHUKET,UNDER_ARMOUR,5,2024-09-04 19:34:22,UN-SOCK-65
ORD330631,4759,CUST5692,KHONKAEN,NEW_BALANCE,7,2024-12-19 05:39:09,NE-SHIRT-08
ORD123687,5105,CUST6260,PHUKET,REEBOK,6,2024-01-11 03:37:28,RE-SOCK-82
ORD841338,1466,CUST9154,BANGKOK,REEBOK,1,2024-11-22 13:06:47,RE-BAG-96
ORD149273,5499,CUST6883,PHUKET,REEBOK,5,2024-07-09 22:18:02,RE-PANT-94
ORD119173,3175,CUST8385,CHIANGMAI,UNDER_ARMOUR,7,2024-10-05 21:27:19,UN-PANT-26
ORD610594,1039,CUST7330,PHUKET,REEBOK,5,2024-04-14 18:36:18,RE-SHIRT-87
ORD557298,5812,CUST3471,KHONKAEN,NIKE,5,2024-04-11 13:47:29,NI-SHOE-46
ORD158839,1288,CUST2315,HATYAI,ADIDAS,9,2024-04-15 02:07:08,AD-BAG-90
ORD937959,660,CUST3285,KHONKAEN,REEBOK,9,2024-03-06 22:21:35,RE-SHOE-97
ORD302163,2126,CUST7944,KHONKAEN,UNDER_ARMOUR,3,2024-02-11 15:01:25,UN-SOCK-44
ORD895869,4996,CUST8370,BANGKOK,PUMA,1,2024-04-20 03:09:18,PU-PANT-12
ORD158454,1036,CUST5720,KHONKAEN,NEW_BALANCE,3,2024-08-14 13:13:42,NE-PANT-82
ORD783460,7913,CUST6520,HATYAI,REEBOK,5,2024-03-16 17:05:27,RE-SHIRT-15
ORD430825,5103,CUST2873,CHIANGMAI,PUMA,5,2024-06-11 18:15:35,PU-SHOE-32
ORD615283,2839,CUST3786,KHONKAEN,REEBOK,3,2024-04-27 10:48:34,RE-SHIRT-62
ORD957300,2627,CUST3304,HATYAI,NEW_BALANCE,8,2024-01-23 21:13:57,NE-PANT-74
ORD428850,1504,CUST9665,HATYAI,NIKE,5,2024-04-23 19:40:00,NI-BAG-92
ORD627843,7412,CUST8892,KHONKAEN,UNDER_ARMOUR,1,2024-09-04 16:53:38,UN-PANT-19
ORD270553,5754,CUST8553,PHUKET,PUMA,7,2024-03-02 15:16:24,PU-SHIRT-98
ORD129788,2041,CUST8813,PHUKET,UNDER_ARMOUR,4,2024-11-22 13:10:37,UN-SHIRT-36
ORD331886,5795,CUST5687,CHIANGMAI,UNDER_ARMOUR,9,2024-02-23 02:01:17,UN-SHIRT-18
ORD659695,826,CUST4335,BANGKOK,REEBOK,6,2024-03-15 14:21:16,RE-HAT-58
ORD707563,1790,CUST9404,KHONKAEN,REEBOK,2,2024-11-21 13:30:45,RE-BAG-72
ORD971355,5899,CUST4889,PHUKET,NEW_BALANCE,7,2024-03-01 05:46:18,NE-SHOE-73
ORD424648,8784,CUST2314,HATYAI,NEW_BALANCE,2,2024-09-30 17:26:53,NE-SOCK-30
ORD878847,4006,CUST3992,PHUKET,NIKE,2,2024-07-07 02:27:14,NI-PANT-89
ORD436685,4304,CUST4031,PHUKET,REEBOK,6,2024-01-08 08:32:12,RE-HAT-44
ORD542407,9201,CUST1668,PATTAYA,UNDER_ARMOUR,6,2024-10-18 06:28:02,UN-SOCK-75
ORD905239,984,CUST9452,PHUKET,NIKE,7,2024-12-23 14:19:20,NI-HAT-99
ORD502554,7780,CUST3603,KHONKAEN,NEW_BALANCE,9,2024-08-07 23:19:32,NE-SHOE-40
ORD933770,4956,CUST1942,PHUKET,NEW_BALANCE,3,2024-12-26 07:14:31,NE-BAG-49
ORD917858,2985,CUST2240,HATYAI,NIKE,2,2024-02-29 03:42:32,NI-HAT-25
ORD178091,2291,CUST1354,CHIANGMAI,NEW_BALANCE,1,2024-01-10 22:49:47,NE-SHOE-84
ORD355253,1277,CUST6580,KHONKAEN,UNDER_ARMOUR,6,2024-12-29 05:22:17,UN-HAT-29
ORD547466,7760,CUST8513,BANGKOK,NIKE,9,2024-07-01 12:18:06,NI-PANT-13
ORD477665,5968,CUST7995,BANGKOK,NEW_BALANCE,8,2024-11-29 15:55:33,NE-BAG-85
ORD357136,287,CUST5005,BANGKOK,PUMA,8,2024-07-04 09:02:12,PU-SHOE-34
ORD315223,8530,CUST5857,PHUKET,REEBOK,2,2024-03-27 23:50:16,RE-SHOE-17
ORD829430,2883,CUST8325,KHONKAEN,UNDER_ARMOUR,9,2024-10-15 05:52:00,UN-SOCK-43
ORD493521,8419,CUST6867,BANGKOK,NEW_BALANCE,5,2024-11-12 08:19:09,NE-SHIRT-17
ORD731813,5705,CUST2353,PHUKET,NIKE,3,2024-05-30 18:03:10,NI-BAG-10
ORD769981,5549,CUST5782,CHIANGMAI,NEW_BALANCE,4,2024-01-03 20:54:48,NE-SOCK-80
ORD306297,2965,CUST5751,PHUKET,PUMA,2,2024-01-21 10:32:27,PU-BAG-53
ORD644346,1895,CUST1785,BANGKOK,REEBOK,1,2024-01-24 08:03:44,RE-SHOE-91
ORD366104,1642,CUST9273,HATYAI,ADIDAS,3,2024-03-11 17:33:21,AD-PANT-75
ORD153056,3694,CUST8100,CHIANGMAI,NIKE,8,2024-11-21 22:21:29,NI-PANT-23
ORD282829,7101,CUST4734,HATYAI,NEW_BALANCE,8,2024-07-20 15:17:51,NE-SHOE-47
ORD373636,3000,CUST7443,BANGKOK,REEBOK,3,2024-02-01 14:19:38,RE-BAG-68
ORD655492,7014,CUST2433,PHUKET,PUMA,1,2024-04-27 15:36:34,PU-SOCK-54
ORD295362,9084,CUST9010,KHONKAEN,PUMA,3,2024-04-12 22:39:52,PU-SHOE-35
ORD157135,581,CUST9277,HATYAI,NIKE,7,2024-08-20 02:57:54,NI-PANT-15
ORD568804,9724,CUST9517,HATYAI,UNDER_ARMOUR,2,2024-01-10 03:48:09,UN-SHOE-08
ORD806617,2770,CUST4762,BANGKOK,NIKE,5,2024-01-03 13:58:30,NI-SHOE-52
ORD458313,3985,CUST4642,BANGKOK,NEW_BALANCE,2,2024-05-26 13:15:20,NE-HAT-51
ORD912800,1529,CUST8848,CHIANGMAI,PUMA,4,2024-06-15 16:16:08,PU-PANT-64
ORD583310,5164,CUST1724,PHUKET,UNDER_ARMOUR,1,2024-02-12 18:48:20,UN-SOCK-63
ORD797457,6192,CUST5648,HATYAI,NEW_BALANCE,6,2024-10-20 12:21:35,NE-SHOE-35
ORD160316,3969,CUST1777,HATYAI,ADIDAS,7,2024-09-28 14:52:45,AD-SHIRT-89
ORD955584,4724,CUST8716,HATYAI,ADIDAS,1,2024-01-14 15:00:46,AD-SHOE-98
ORD485970,9282,CUST6644,PHUKET,NIKE,6,2024-05-06 15:08:18,NI-SOCK-05
ORD492138,191,CUST4965,CHIANGMAI,UNDER_ARMOUR,1,2024-05-05 00:52:31,UN-BAG-53
ORD778779,5466,CUST6350,KHONKAEN,UNDER_ARMOUR,7,2024-11-11 14:40:56,UN-HAT-81
ORD843469,4604,CUST6191,KHONKAEN,NIKE,3,2024-05-18 08:37:57,NI-BAG-94
ORD833940,3224,CUST9533,BANGKOK,NEW_BALANCE,5,2024-08-14 13:56:10,NE-SHIRT-11
ORD660612,2101,CUST4836,PATTAYA,ADIDAS,3,2024-08-20 21:21:00,AD-PANT-04
ORD909880,6636,CUST3386,HATYAI,UNDER_ARMOUR,2,2024-11-16 06:31:59,UN-SHOE-83
ORD268367,2016,CUST6853,HATYAI,PUMA,7,2024-07-06 22:25:54,PU-HAT-23
ORD749411,4252,CUST6162,KHONKAEN,ADIDAS,1,2024-11-14 13:23:44,AD-HAT-33
ORD949042,9696,CUST7631,HATYAI,REEBOK,2,2024-03-19 04:40:00,RE-BAG-03
ORD909372,413,CUST4793,KHONKAEN,REEBOK,5,2024-01-06 14:46:13,RE-SHOE-82
ORD907596,7012,CUST5605,BANGKOK,ADIDAS,2,2024-07-14 11:19:06,AD-SOCK-10
ORD352611,4391,CUST7310,HATYAI,NIKE,3,2024-10-26 00:40:01,NI-SHIRT-03
ORD343258,1869,CUST8631,CHIANGMAI,REEBOK,1,2024-12-09 19:50:55,RE-SHIRT-12
ORD418443,8875,CUST7831,PATTAYA,PUMA,5,2024-07-16 03:55:39,PU-HAT-61
ORD430988,8452,CUST5471,PATTAYA,UNDER_ARMOUR,7,2024-02-14 01:37:27,UN-SHIRT-46
ORD599629,4664,CUST5436,KHONKAEN,PUMA,9,2024-08-12 16:20:51,PU-HAT-69
ORD454874,2958,CUST3881,PATTAYA,NIKE,1,2024-09-27 16:26:08,NI-BAG-33
ORD263419,794,CUST9525,CHIANGMAI,NEW_BALANCE,4,2024-09-11 09:30:12,NE-HAT-88
ORD456618,5947,CUST2216,CHIANGMAI,REEBOK,1,2024-05-05 08:15:04,RE-SHOE-01
ORD826076,8652,CUST9279,PATTAYA,ADIDAS,5,2024-07-13 07:20:05,AD-BAG-03
ORD689945,3056,CUST4261,PATTAYA,REEBOK,4,2024-01-31 14:32:23,RE-SHIRT-83
ORD915696,8062,CUST9326,PATTAYA,NIKE,8,2024-05-12 07:14:08,NI-PANT-05
ORD640961,4312,CUST1978,HATYAI,NEW_BALANCE,6,2024-06-18 07:32:03,NE-SHIRT-68
ORD949265,5787,CUST2944,PHUKET,REEBOK,8,2024-10-04 20:06:56,RE-SHIRT-21
ORD234485,8787,CUST4311,CHIANGMAI,PUMA,7,2024-09-25 08:44:13,PU-SHIRT-46
ORD929631,4223,CUST1944,PATTAYA,UNDER_ARMOUR,5,2024-05-23 03:57:28,UN-BAG-41
ORD318232,2419,CUST5547,BANGKOK,REEBOK,9,2024-11-03 07:48:36,RE-SHIRT-17
ORD104206,3305,CUST2383,KHONKAEN,PUMA,8,2024-04-09 16:54:54,PU-BAG-92
ORD939364,4070,CUST9301,PHUKET,UNDER_ARMOUR,9,2024-09-29 15:23:16,UN-SHIRT-76
ORD123753,2164,CUST1597,HATYAI,NEW_BALANCE,5,2024-01-07 13:17:30,NE-BAG-11
ORD153534,9438,CUST4978,PATTAYA,NIKE,3,2024-08-19 09:56:56,NI-SHOE-83
ORD383533,6099,CUST7582,HATYAI,UNDER_ARMOUR,7,2024-08-06 12:37:31,UN-SHIRT-12
ORD175081,6129,CUST1541,HATYAI,REEBOK,6,2024-06-08 22:15:42,RE-SHOE-07
ORD240695,3068,CUST8756,PATTAYA,NIKE,8,2024-05-20 19:46:16,NI-HAT-15
ORD931420,3777,CUST7926,PATTAYA,NIKE,3,2024-08-28 23:32:54,NI-PANT-33
ORD625446,7956,CUST2014,PHUKET,NEW_BALANCE,7,2024-04-28 19:27:27,NE-SHIRT-21
ORD194472,3871,CUST1704,KHONKAEN,ADIDAS,5,2024-09-09 06:25:42,AD-SHIRT-02
ORD519144,5390,CUST3478,BANGKOK,UNDER_ARMOUR,1,2024-08-25 19:43:01,UN-SOCK-96
ORD980995,2005,CUST8751,BANGKOK,NEW_BALANCE,7,2024-03-14 14:01:49,NE-SHOE-92
ORD806052,6376,CUST6404,BANGKOK,NEW_BALANCE,9,2024-08-27 06:05:19,NE-PANT-95
ORD248872,5179,CUST5611,HATYAI,REEBOK,6,2024-02-05 03:51:02,RE-PANT-99
ORD723320,238,CUST1246,HATYAI,ADIDAS,2,2024-09-17 06:47:36,AD-PANT-51
ORD148218,6478,CUST6576,CHIANGMAI,ADIDAS,5,2024-10-19 12:37:43,AD-PANT-37
ORD261356,7785,CUST5953,CHIANGMAI,NIKE,1,2024-05-04 22:58:23,NI-PANT-48
ORD786218,5879,CUST2038,CHIANGMAI,PUMA,5,2024-08-22 21:49:28,PU-BAG-76
ORD359964,2109,CUST3073,CHIANGMAI,ADIDAS,5,2024-09-06 02:09:56,AD-SHIRT-40
ORD478609,3361,CUST2423,BANGKOK,PUMA,8,2024-12-14 08:22:46,PU-PANT-29
ORD219528,1279,CUST4474,HATYAI,NIKE,8,2024-05-30 10:26:01,NI-SHIRT-91
ORD553085,3909,CUST1588,HATYAI,PUMA,6,2024-03-28 14:48:56,PU-SHOE-71
ORD883279,9727,CUST4165,CHIANGMAI,PUMA,3,2024-07-18 02:53:51,PU-BAG-67
ORD482308,1852,CUST5166,CHIANGMAI,PUMA,9,2024-03-29 15:53:59,PU-SOCK-28
ORD177289,9279,CUST3621,PHUKET,REEBOK,3,2024-08-09 05:25:40,RE-HAT-96
ORD194069,8809,CUST4532,CHIANGMAI,NEW_BALANCE,1,2024-04-25 10:17:43,NE-HAT-61
ORD979910,2169,CUST2431,CHIANGMAI,ADIDAS,5,2024-01-08 07:49:15,AD-HAT-51
ORD610456,3402,CUST7082,PATTAYA,NIKE,2,2024-04-12 05:28:04,NI-HAT-21
ORD696965,9280,CUST3898,HATYAI,PUMA,2,2024-08-04 05:22:22,PU-HAT-68
ORD839837,4850,CUST1571,PATTAYA,NEW_BALANCE,9,2024-11-07 18:59:23,NE-SHIRT-55
ORD920071,6115,CUST3132,PHUKET,UNDER_ARMOUR,2,2024-10-16 12:39:41,UN-BAG-58
ORD694639,7508,CUST7967,KHONKAEN,REEBOK,7,2024-09-27 05:43:30,RE-SHIRT-17
ORD651901,3194,CUST6270,HATYAI,NIKE,8,2024-07-21 01:03:55,NI-SHIRT-45
ORD768731,6896,CUST6162,PATTAYA,UNDER_ARMOUR,2,2024-10-27 13:54:40,UN-BAG-95
ORD491446,1752,CUST8862,CHIANGMAI,NEW_BALANCE,2,2024-04-12 03:08:45,NE-SHOE-19
ORD165989,9760,CUST1791,PATTAYA,NIKE,8,2024-10-05 04:31:54,NI-SHOE-68
ORD495187,6990,CUST4858,PHUKET,UNDER_ARMOUR,1,2024-05-08 20:30:59,UN-BAG-06
ORD447939,8462,CUST1914,KHONKAEN,PUMA,5,2024-04-14 16:01:23,PU-PANT-13
ORD391717,9392,CUST1235,PHUKET,NIKE,2,2024-12-02 14:18:42,NI-PANT-77
ORD486185,569,CUST5239,PATTAYA,NIKE,1,2024-03-30 16:08:55,NI-BAG-62
ORD444886,7015,CUST6770,PHUKET,NEW_BALANCE,6,2024-08-12 10:01:11,NE-HAT-49
ORD677717,5934,CUST9304,CHIANGMAI,UNDER_ARMOUR,4,2024-05-09 16:05:13,UN-SOCK-25
ORD767156,8450,CUST3761,KHONKAEN,REEBOK,3,2024-05-06 14:12:18,RE-HAT-76
ORD291637,3204,CUST6925,PHUKET,UNDER_ARMOUR,8,2024-11-11 16:52:13,UN-PANT-78
ORD736441,6788,CUST5877,PATTAYA,UNDER_ARMOUR,6,2024-10-26 06:57:01,UN-BAG-45
ORD984540,2614,CUST1736,PATTAYA,PUMA,8,2024-12-13 03:02:18,PU-HAT-48
ORD734756,6349,CUST6346,HATYAI,ADIDAS,1,2024-09-30 20:55:06,AD-HAT-81
ORD431614,4306,CUST4911,PHUKET,ADIDAS,8,2024-06-26 12:03:47,AD-HAT-35
ORD802305,624,CUST8016,CHIANGMAI,NIKE,9,2024-12-02 18:58:23,NI-BAG-67
ORD781171,143,CUST9328,HATYAI,NIKE,8,2024-07-26 20:38:35,NI-HAT-75
ORD291407,6826,CUST2084,PATTAYA,NEW_BALANCE,7,2024-12-10 12:21:59,NE-PANT-54
ORD971581,725,CUST2752,BANGKOK,NIKE,5,2024-08-17 02:02:17,NI-SOCK-06
ORD450897,7722,CUST5228,KHONKAEN,NIKE,9,2024-06-20 21:31:52,NI-BAG-75
ORD653183,1238,CUST5461,CHIANGMAI,PUMA,1,2024-06-04 16:04:43,PU-SOCK-70
ORD731339,9499,CUST4382,PATTAYA,REEBOK,7,2024-07-08 03:28:29,RE-SOCK-81
ORD898941,3344,CUST6839,KHONKAEN,NIKE,6,2024-04-13 01:01:30,NI-PANT-23
ORD385704,7583,CUST8920,KHONKAEN,PUMA,5,2024-09-25 11:54:26,PU-SOCK-05
ORD139199,1289,CUST5016,CHIANGMAI,NIKE,8,2024-05-04 10:21:53,NI-HAT-54
ORD244451,4466,CUST3575,CHIANGMAI,REEBOK,5,2024-03-23 18:05:52,RE-SHOE-94
ORD390248,4978,CUST5840,PATTAYA,PUMA,9,2024-09-12 07:59:37,PU-HAT-01
ORD226319,9811,CUST7369,PHUKET,REEBOK,7,2024-05-17 22:45:46,RE-SOCK-19
ORD623742,1533,CUST8550,PHUKET,NIKE,1,2024-05-19 04:20:23,NI-PANT-11
ORD147831,6871,CUST6092,PHUKET,NEW_BALANCE,4,2024-11-15 18:18:08,NE-BAG-49
ORD449453,1961,CUST7255,BANGKOK,REEBOK,6,2024-10-31 01:43:48,RE-SHOE-85
ORD833616,4826,CUST8165,PHUKET,PUMA,1,2024-03-20 03:01:23,PU-BAG-99
ORD848197,8015,CUST8695,PHUKET,ADIDAS,2,2024-02-12 05:29:00,AD-PANT-80
ORD756180,4175,CUST7987,KHONKAEN,REEBOK,5,2024-05-11 01:04:53,RE-PANT-59
ORD316519,2034,CUST5681,KHONKAEN,NIKE,2,2024-10-25 07:44:40,NI-SHOE-29
ORD545291,1782,CUST7207,HATYAI,ADIDAS,7,2024-12-29 15:35:40,AD-HAT-11
ORD646478,4849,CUST8062,HATYAI,PUMA,3,2024-01-31 13:15:21,PU-HAT-58
ORD331332,262,CUST8997,PATTAYA,REEBOK,8,2024-03-12 09:06:15,RE-PANT-05
ORD333704,9168,CUST6770,KHONKAEN,UNDER_ARMOUR,8,2024-04-06 01:47:02,UN-BAG-99
ORD267137,5458,CUST4530,PATTAYA,REEBOK,8,2024-01-06 05:30:21,RE-HAT-72
ORD886771,2216,CUST1109,BANGKOK,UNDER_ARMOUR,4,2024-11-28 13:27:50,UN-SHOE-77
ORD537203,1960,CUST9961,BANGKOK,PUMA,2,2024-02-16 12:41:12,PU-HAT-46
ORD769835,7772,CUST2398,CHIANGMAI,UNDER_ARMOUR,7,2024-06-20 09:28:50,UN-BAG-12
ORD519526,9958,CUST3252,HATYAI,REEBOK,2,2024-09-18 06:54:29,RE-HAT-71
ORD311084,821,CUST2766,KHONKAEN,NIKE,4,2024-12-03 01:18:36,NI-BAG-39
ORD988489,5244,CUST5594,KHONKAEN,PUMA,7,2024-01-15 12:27:47,PU-BAG-60
ORD795594,1039,CUST6247,KHONKAEN,PUMA,7,2024-08-21 07:43:51,PU-SOCK-87
ORD335061,8571,CUST2226,KHONKAEN,REEBOK,7,2024-09-05 18:31:30,RE-BAG-25
ORD500944,1771,CUST7480,BANGKOK,UNDER_ARMOUR,6,2024-09-04 16:30:43,UN-SHIRT-41
ORD718064,1893,CUST6392,PATTAYA,NEW_BALANCE,3,2024-10-23 08:08:13,NE-SHOE-36
ORD282200,8405,CUST6862,BANGKOK,NIKE,8,2024-12-22 08:12:00,NI-HAT-52
ORD181462,5199,CUST6618,CHIANGMAI,REEBOK,2,2024-04-08 16:17:03,RE-BAG-13
ORD292943,8764,CUST7019,PHUKET,NIKE,3,2024-03-26 20:19:38,NI-SHIRT-64
ORD170901,2481,CUST8165,CHIANGMAI,UNDER_ARMOUR,9,2024-05-22 05:39:21,UN-HAT-35
ORD798801,2383,CUST8688,BANGKOK,ADIDAS,7,2024-01-13 09:41:20,AD-BAG-72
ORD867028,912,CUST6671,PATTAYA,REEBOK,2,2024-04-26 02:23:59,RE-SHIRT-85
ORD806294,1288,CUST1066,PHUKET,ADIDAS,6,2024-10-20 16:07:00,AD-PANT-93
ORD139141,5386,CUST8503,BANGKOK,ADIDAS,4,2024-12-21 19:44:13,AD-SOCK-52
ORD184922,4053,CUST9571,CHIANGMAI,PUMA,8,2024-03-06 06:44:22,PU-SOCK-40
ORD890968,3248,CUST8370,BANGKOK,PUMA,2,2024-05-08 09:42:21,PU-SHIRT-81
ORD301370,3693,CUST6611,KHONKAEN,NEW_BALANCE,6,2024-09-25 03:00:55,NE-BAG-41
ORD584438,4671,CUST6792,CHIANGMAI,ADIDAS,1,2024-09-24 20:44:35,AD-SOCK-79
ORD931216,9631,CUST8167,CHIANGMAI,NIKE,6,2024-11-01 08:37:30,NI-SOCK-42
ORD756716,5524,CUST1653,PATTAYA,ADIDAS,9,2024-10-27 23:04:52,AD-SHIRT-75
ORD959807,6031,CUST6031,KHONKAEN,ADIDAS,3,2024-05-16 00:22:03,AD-PANT-64
ORD603718,6600,CUST9327,PHUKET,PUMA,6,2024-01-07 15:43:44,PU-BAG-46
ORD443058,2660,CUST1931,CHIANGMAI,NEW_BALANCE,6,2024-07-22 20:05:28,NE-BAG-50
ORD235828,2533,CUST2653,CHIANGMAI,UNDER_ARMOUR,4,2024-04-26 12:36:30,UN-SHIRT-23
ORD151482,7274,CUST3024,KHONKAEN,NIKE,7,2024-10-28 06:07:02,NI-HAT-41
ORD416594,5455,CUST8316,BANGKOK,REEBOK,9,2024-10-26 19:45:21,RE-SHOE-39
ORD624351,524,CUST1009,BANGKOK,UNDER_ARMOUR,6,2024-03-05 15:31:42,UN-SHIRT-26
ORD611783,315,CUST6733,KHONKAEN,PUMA,9,2024-07-15 19:41:43,PU-SHIRT-62
ORD630289,613,CUST6235,PATTAYA,PUMA,2,2024-03-11 01:58:27,PU-SOCK-58
ORD752536,995,CUST3323,PATTAYA,UNDER_ARMOUR,1,2024-03-22 08:18:45,UN-SOCK-75
ORD820737,1298,CUST2419,KHONKAEN,PUMA,2,2024-04-23 15:54:43,PU-PANT-22
ORD550556,9402,CUST8545,KHONKAEN,NIKE,3,2024-08-21 20:53:24,NI-SHOE-01
ORD839182,7437,CUST1411,BANGKOK,PUMA,4,2024-02-10 11:12:00,PU-PANT-85
ORD824955,6014,CUST6914,BANGKOK,PUMA,2,2024-07-22 15:42:07,PU-HAT-47
ORD771037,9283,CUST3353,BANGKOK,PUMA,5,2024-06-22 18:19:28,PU-SOCK-86
ORD592739,146,CUST3445,CHIANGMAI,ADIDAS,7,2024-12-27 16:56:26,AD-SHOE-68
ORD667865,6637,CUST6932,HATYAI,NEW_BALANCE,9,2024-12-08 01:47:27,NE-SHIRT-06
ORD374643,6037,CUST3251,BANGKOK,UNDER_ARMOUR,2,2024-05-30 04:28:52,UN-BAG-17
ORD974731,5534,CUST4780,CHIANGMAI,PUMA,2,2024-05-31 02:02:07,PU-PANT-88
ORD839310,2786,CUST7922,CHIANGMAI,REEBOK,2,2024-08-11 22:35:09,RE-SHOE-86
ORD365797,6359,CUST7018,BANGKOK,NEW_BALANCE,7,2024-06-08 19:10:25,NE-HAT-92
ORD903288,5527,CUST7293,PHUKET,PUMA,9,2024-11-23 07:52:02,PU-BAG-23
ORD736736,2453,CUST5013,BANGKOK,NIKE,8,2024-11-28 04:56:05,NI-SOCK-61
ORD382930,2706,CUST7019,PATTAYA,NEW_BALANCE,4,2024-01-30 16:29:50,NE-SHOE-77
ORD418179,7426,CUST4400,HATYAI,UNDER_ARMOUR,4,2024-06-01 04:46:48,UN-SHOE-52
ORD639656,7904,CUST2572,PATTAYA,REEBOK,4,2024-03-14 17:51:42,RE-PANT-78
ORD380492,596,CUST9017,KHONKAEN,NIKE,7,2024-08-18 06:44:27,NI-HAT-17
ORD943818,7121,CUST9600,PATTAYA,NEW_BALANCE,7,2024-05-06 21:55:54,NE-BAG-74
ORD277882,5776,CUST4415,CHIANGMAI,UNDER_ARMOUR,7,2024-01-25 14:49:34,UN-SHOE-38
ORD575193,3833,CUST3694,BANGKOK,REEBOK,2,2024-11-05 02:37:06,RE-HAT-79
ORD322477,6399,CUST1149,HATYAI,PUMA,5,2024-07-08 06:56:25,PU-SHOE-26
ORD831800,2053,CUST9881,HATYAI,NIKE,6,2024-11-02 20:43:10,NI-SHOE-24
ORD794538,9846,CUST6909,HATYAI,ADIDAS,4,2024-09-01 13:05:40,AD-SOCK-42
ORD547870,6895,CUST1555,HATYAI,UNDER_ARMOUR,5,2024-07-27 12:27:41,UN-HAT-90
ORD142902,4202,CUST4477,HATYAI,REEBOK,7,2024-07-08 00:10:59,RE-HAT-17
ORD555399,6489,CUST6041,PATTAYA,NEW_BALANCE,2,2024-05-04 14:49:15,NE-BAG-08
ORD817860,6385,CUST9368,KHONKAEN,NIKE,9,2024-08-02 07:58:43,NI-SHIRT-58
ORD508841,5494,CUST2737,CHIANGMAI,ADIDAS,3,2024-09-18 10:42:24,AD-SHOE-79
ORD906307,2943,CUST8805,HATYAI,NIKE,1,2024-09-02 14:36:17,NI-HAT-15
ORD967365,4144,CUST8692,BANGKOK,REEBOK,9,2024-03-26 02:47:59,RE-BAG-58
ORD992917,8008,CUST3378,KHONKAEN,PUMA,9,2024-01-27 12:11:56,PU-PANT-21
ORD280325,3750,CUST6316,HATYAI,NIKE,3,2024-04-30 07:31:26,NI-SHOE-91
ORD108676,7723,CUST6782,PHUKET,UNDER_ARMOUR,4,2024-02-14 21:53:47,UN-SOCK-66
ORD922233,9212,CUST2972,HATYAI,REEBOK,3,2024-08-02 05:10:43,RE-SHIRT-26
ORD514173,4413,CUST3946,KHONKAEN,NEW_BALANCE,1,2024-12-02 01:39:30,NE-SHIRT-39
ORD836014,626,CUST2700,KHONKAEN,NEW_BALANCE,5,2024-09-04 00:29:26,NE-SOCK-89
ORD554160,7306,CUST6569,PHUKET,UNDER_ARMOUR,7,2024-11-23 04:13:32,UN-SHIRT-96
ORD975949,1145,CUST9980,HATYAI,PUMA,2,2024-08-06 16:37:10,PU-HAT-12
ORD468819,9690,CUST3323,BANGKOK,ADIDAS,9,2024-07-14 00:41:59,AD-SHOE-72
ORD828356,2090,CUST8590,KHONKAEN,REEBOK,9,2024-09-07 07:38:45,RE-BAG-47
ORD539486,7862,CUST9409,KHONKAEN,PUMA,7,2024-09-08 11:25:38,PU-PANT-50
ORD653774,7647,CUST5157,BANGKOK,PUMA,3,2024-11-02 15:03:42,PU-PANT-16
ORD581227,7113,CUST4848,PHUKET,PUMA,6,2024-09-22 19:15:15,PU-SHOE-57
ORD832803,3357,CUST9870,BANGKOK,NIKE,7,2024-08-03 22:15:19,NI-BAG-11
ORD549554,2805,CUST5523,HATYAI,PUMA,2,2024-09-19 06:14:13,PU-PANT-18
ORD890523,9196,CUST2584,CHIANGMAI,ADIDAS,6,2024-08-11 08:27:54,AD-BAG-74
ORD321611,8529,CUST8254,CHIANGMAI,UNDER_ARMOUR,6,2024-06-28 03:08:04,UN-SOCK-55
ORD267635,8958,CUST8006,PATTAYA,NEW_BALANCE,4,2024-12-21 09:01:00,NE-PANT-57
ORD296096,6737,CUST6212,PATTAYA,UNDER_ARMOUR,6,2024-06-24 15:56:16,UN-PANT-01
ORD887705,7842,CUST9019,HATYAI,NIKE,9,2024-07-29 09:52:02,NI-SHIRT-78
ORD182041,3676,CUST6518,CHIANGMAI,ADIDAS,5,2024-12-06 18:20:47,AD-BAG-14
ORD805249,6231,CUST6587,BANGKOK,NIKE,6,2024-07-01 06:45:00,NI-SOCK-29
ORD105212,6754,CUST9882,KHONKAEN,ADIDAS,2,2024-04-29 11:35:35,AD-SHOE-69
ORD784816,6399,CUST2503,PATTAYA,NEW_BALANCE,5,2024-04-28 00:45:42,NE-SHIRT-14
ORD440316,1788,CUST9432,PHUKET,UNDER_ARMOUR,1,2024-06-14 16:30:55,UN-SHIRT-64
ORD812452,3416,CUST9416,HATYAI,NIKE,9,2024-10-16 12:51:40,NI-SOCK-69
ORD618876,824,CUST6817,BANGKOK,ADIDAS,7,2024-11-18 10:23:50,AD-BAG-48
ORD398443,4654,CUST1476,CHIANGMAI,NIKE,8,2024-06-12 06:57:11,NI-BAG-90
ORD518943,4531,CUST4347,PHUKET,NIKE,1,2024-10-17 05:43:17,NI-PANT-65
ORD161563,5946,CUST1983,BANGKOK,NIKE,6,2024-10-04 10:19:50,NI-SHOE-82
ORD969320,2215,CUST9706,HATYAI,ADIDAS,4,2024-03-19 12:06:28,AD-HAT-77
ORD154925,3159,CUST4928,CHIANGMAI,PUMA,7,2024-01-05 19:47:01,PU-SOCK-96
ORD386940,8347,CUST4988,PATTAYA,NIKE,5,2024-02-25 10:30:10,NI-SHOE-58
ORD939637,5808,CUST9008,BANGKOK,REEBOK,1,2024-08-11 23:39:00,RE-BAG-68
ORD661360,1837,CUST8051,PATTAYA,NIKE,7,2024-08-18 15:02:29,NI-HAT-52
ORD423451,2301,CUST3404,HATYAI,PUMA,5,2024-01-01 01:50:05,PU-HAT-27
ORD789671,5507,CUST6720,KHONKAEN,NIKE,4,2024-04-04 09:18:41,NI-BAG-95
ORD673650,4838,CUST7756,PHUKET,ADIDAS,4,2024-06-01 09:06:58,AD-SOCK-34
ORD209103,2195,CUST8407,PHUKET,NIKE,9,2024-01-18 10:42:50,NI-HAT-42
ORD830245,9965,CUST5613,BANGKOK,REEBOK,2,2024-04-23 07:07:18,RE-PANT-58
ORD263628,6988,CUST6947,PHUKET,NEW_BALANCE,1,2024-02-27 01:18:30,NE-BAG-42
ORD293739,3047,CUST9924,BANGKOK,REEBOK,7,2024-11-08 12:20:37,RE-HAT-98
ORD353649,3900,CUST3922,PHUKET,UNDER_ARMOUR,6,2024-08-01 13:00:40,UN-BAG-79
ORD732109,7103,CUST1314,KHONKAEN,PUMA,6,2024-06-24 19:00:36,PU-PANT-20
ORD154810,6776,CUST8599,BANGKOK,REEBOK,4,2024-05-11 23:48:19,RE-SHOE-98
ORD960515,5176,CUST2957,CHIANGMAI,NEW_BALANCE,1,2024-05-01 03:55:04,NE-SOCK-64
ORD973233,131,CUST7453,BANGKOK,ADIDAS,6,2024-07-05 09:56:02,AD-SHIRT-41
ORD490787,3592,CUST5808,HATYAI,NIKE,9,2024-02-25 00:31:49,NI-PANT-13
ORD218263,8732,CUST8539,PATTAYA,NEW_BALANCE,3,2024-05-01 21:42:00,NE-SOCK-67
ORD254077,1892,CUST7395,BANGKOK,ADIDAS,9,2024-06-04 20:14:17,AD-SHOE-79
ORD331394,456,CUST6638,KHONKAEN,PUMA,2,2024-09-20 10:40:21,PU-HAT-42
ORD928547,8309,CUST1522,CHIANGMAI,UNDER_ARMOUR,3,2024-02-10 00:04:18,UN-PANT-55
ORD419117,3410,CUST3788,BANGKOK,NEW_BALANCE,7,2024-04-27 10:32:01,NE-SOCK-31
ORD487297,4424,CUST7171,CHIANGMAI,ADIDAS,3,2024-05-10 02:24:53,AD-HAT-51
ORD106581,1231,CUST8163,KHONKAEN,NEW_BALANCE,4,2024-09-01 07:43:32,NE-SOCK-67
ORD161402,109,CUST3541,BANGKOK,UNDER_ARMOUR,6,2024-01-28 15:37:32,UN-BAG-63
ORD807085,2602,CUST5382,PHUKET,ADIDAS,2,2024-11-10 14:44:25,AD-SHOE-31
ORD270105,4454,CUST6816,KHONKAEN,REEBOK,7,2024-04-28 00:28:44,RE-SHOE-31
ORD210910,2945,CUST8211,PHUKET,REEBOK,2,2024-09-29 23:51:19,RE-SOCK-72
ORD828081,2383,CUST9463,PATTAYA,ADIDAS,6,2024-11-20 05:51:03,AD-SOCK-71
ORD984759,1337,CUST7411,KHONKAEN,NIKE,4,2024-08-06 13:52:47,NI-SHOE-68
ORD208797,8830,CUST6130,KHONKAEN,UNDER_ARMOUR,3,2024-11-10 03:43:28,UN-SHIRT-65
ORD664408,8087,CUST8239,KHONKAEN,UNDER_ARMOUR,8,2024-11-04 14:25:45,UN-SHOE-25
ORD354696,2446,CUST1527,PATTAYA,UNDER_ARMOUR,5,2024-12-18 03:00:22,UN-HAT-01
ORD946628,4698,CUST2947,KHONKAEN,ADIDAS,6,2024-12-02 00:20:50,AD-SHOE-89
ORD211980,5866,CUST4808,PHUKET,NEW_BALANCE,3,2024-01-28 02:52:10,NE-BAG-27
ORD925720,5235,CUST5147,BANGKOK,REEBOK,3,2024-07-05 15:19:23,RE-SHOE-12
ORD195569,3093,CUST9474,HATYAI,NIKE,6,2024-01-05 16:48:37,NI-SHIRT-57
ORD654830,4245,CUST3435,BANGKOK,ADIDAS,1,2024-01-19 12:50:07,AD-SHIRT-91
ORD128419,5263,CUST3183,KHONKAEN,PUMA,8,2024-10-24 07:20:54,PU-SOCK-43
ORD301772,5613,CUST1176,KHONKAEN,NIKE,2,2024-03-05 10:44:56,NI-PANT-88
ORD997575,3352,CUST7455,HATYAI,UNDER_ARMOUR,1,2024-04-15 23:40:54,UN-SHOE-59
ORD479838,3601,CUST2455,PHUKET,REEBOK,2,2024-05-27 22:55:26,RE-SOCK-05
ORD119025,2298,CUST4202,BANGKOK,PUMA,8,2024-12-20 00:02:24,PU-SHOE-39
ORD658134,3115,CUST2806,BANGKOK,NIKE,5,2024-08-18 04:06:33,NI-SHIRT-60
ORD829570,8600,CUST6780,BANGKOK,REEBOK,2,2024-09-20 05:47:32,RE-HAT-65
ORD967132,1698,CUST1277,PHUKET,NIKE,8,2024-07-06 14:52:37,NI-PANT-16
ORD646678,1918,CUST7988,HATYAI,REEBOK,9,2024-09-20 20:00:29,RE-HAT-80
ORD934250,395,CUST9267,BANGKOK,REEBOK,6,2024-06-13 11:44:03,RE-SOCK-90
ORD546746,2103,CUST3787,CHIANGMAI,UNDER_ARMOUR,9,2024-09-24 15:46:39,UN-SHIRT-57
ORD366112,9276,CUST2739,PATTAYA,NIKE,3,2024-06-30 22:47:31,NI-SHOE-28
ORD939985,5275,CUST7443,BANGKOK,UNDER_ARMOUR,9,2024-05-01 16:28:53,UN-BAG-29
ORD217198,5331,CUST7895,KHONKAEN,ADIDAS,2,2024-07-18 12:26:27,AD-SHIRT-74
ORD884883,5770,CUST1055,KHONKAEN,NIKE,9,2024-07-30 03:36:30,NI-SHIRT-35
ORD268103,8377,CUST9172,KHONKAEN,ADIDAS,9,2024-11-02 02:21:37,AD-SHIRT-68
ORD338058,7814,CUST7973,PATTAYA,PUMA,8,2024-04-11 03:26:50,PU-PANT-87
ORD686947,9626,CUST2821,CHIANGMAI,NIKE,6,2024-10-31 12:42:53,NI-SOCK-88
ORD833337,7833,CUST5911,HATYAI,NIKE,9,2024-09-19 14:32:52,NI-SOCK-75
ORD294511,5197,CUST7583,CHIANGMAI,NIKE,7,2024-07-10 11:05:20,NI-SHIRT-69
ORD323321,4162,CUST1876,PATTAYA,NEW_BALANCE,7,2024-01-20 08:06:17,NE-SHOE-90
ORD621148,5046,CUST2093,HATYAI,NIKE,5,2024-09-03 17:45:56,NI-HAT-88
ORD680053,9989,CUST3175,PATTAYA,UNDER_ARMOUR,2,2024-07-09 11:58:24,UN-SHOE-45
ORD922945,6122,CUST3108,KHONKAEN,PUMA,9,2024-10-23 19:14:04,PU-BAG-48
ORD524763,5732,CUST8919,PATTAYA,UNDER_ARMOUR,9,2024-12-03 05:23:00,UN-BAG-85
ORD635275,6030,CUST9140,BANGKOK,PUMA,6,2024-12-26 04:47:14,PU-SHOE-30
ORD960526,3645,CUST3634,PHUKET,UNDER_ARMOUR,5,2024-07-21 02:54:50,UN-PANT-87
ORD304265,1426,CUST3806,PHUKET,ADIDAS,6,2024-12-23 09:34:30,AD-SHOE-01
ORD463764,2607,CUST8731,CHIANGMAI,UNDER_ARMOUR,4,2024-06-08 10:29:09,UN-PANT-67
ORD950018,997,CUST9912,PATTAYA,REEBOK,3,2024-03-14 17:27:32,RE-PANT-17
ORD600954,539,CUST4049,PHUKET,UNDER_ARMOUR,3,2024-08-06 14:38:58,UN-SHOE-56
ORD328973,3120,CUST9801,BANGKOK,NIKE,7,2024-11-14 15:54:19,NI-SOCK-30
ORD260633,1743,CUST7697,KHONKAEN,REEBOK,9,2024-04-30 23:08:58,RE-BAG-30
ORD576477,1346,CUST5347,CHIANGMAI,NIKE,7,2024-04-28 12:13:05,NI-SHOE-45
ORD938434,6798,CUST9541,CHIANGMAI,NEW_BALANCE,3,2024-09-13 17:24:54,NE-SHIRT-93
ORD715511,6661,CUST4868,KHONKAEN,ADIDAS,9,2024-09-17 23:49:30,AD-SHOE-02
ORD771285,4537,CUST7966,KHONKAEN,UNDER_ARMOUR,7,2024-04-28 10:07:34,UN-SHOE-70
ORD227644,4211,CUST3241,BANGKOK,ADIDAS,9,2024-06-06 16:50:09,AD-SHOE-08
ORD923271,3736,CUST6708,CHIANGMAI,NEW_BALANCE,7,2024-07-25 08:11:38,NE-HAT-57
ORD432376,3606,CUST6864,PATTAYA,ADIDAS,5,2024-02-24 05:11:43,AD-HAT-26
ORD396486,2401,CUST1385,PATTAYA,UNDER_ARMOUR,3,2024-10-29 18:09:24,UN-SHIRT-74
ORD561662,9977,CUST1744,KHONKAEN,ADIDAS,3,2024-12-27 03:11:37,AD-BAG-45
ORD506609,8074,CUST2040,HATYAI,REEBOK,6,2024-09-18 18:04:00,RE-BAG-94
ORD265817,8612,CUST9669,KHONKAEN,NIKE,3,2024-03-08 07:09:05,NI-BAG-73
ORD365307,7328,CUST8011,CHIANGMAI,ADIDAS,4,2024-08-05 01:50:50,AD-SHOE-98
ORD898596,7516,CUST1434,CHIANGMAI,REEBOK,1,2024-10-19 20:44:10,RE-SHOE-94
ORD332066,679,CUST5517,HATYAI,REEBOK,7,2024-01-26 03:23:04,RE-HAT-12
ORD808455,8219,CUST7973,BANGKOK,PUMA,5,2024-02-03 09:06:18,PU-SHOE-57
ORD482037,8069,CUST9578,PATTAYA,UNDER_ARMOUR,4,2024-04-04 15:27:44,UN-SHIRT-72
ORD109516,538,CUST2316,HATYAI,ADIDAS,1,2024-08-17 14:24:00,AD-BAG-30
ORD994746,2548,CUST8357,PATTAYA,PUMA,1,2024-12-27 10:36:37,PU-BAG-81
ORD526564,6068,CUST7700,PHUKET,UNDER_ARMOUR,6,2024-10-01 22:53:15,UN-PANT-37
ORD265001,8601,CUST2512,PATTAYA,NEW_BALANCE,7,2024-06-18 21:37:22,NE-HAT-64
ORD238997,7326,CUST2400,KHONKAEN,NEW_BALANCE,8,2024-12-21 19:50:26,NE-SOCK-21
ORD183857,670,CUST6274,CHIANGMAI,NIKE,3,2024-08-30 09:03:00,NI-PANT-67
ORD785557,2439,CUST2152,PHUKET,NEW_BALANCE,3,2024-02-26 22:52:41,NE-SOCK-39
ORD259601,5908,CUST2342,HATYAI,NEW_BALANCE,3,2024-10-07 11:49:24,NE-SHIRT-65
ORD181515,8576,CUST6717,BANGKOK,UNDER_ARMOUR,1,2024-05-10 06:05:10,UN-BAG-17
ORD127982,5375,CUST4669,CHIANGMAI,REEBOK,9,2024-02-03 15:46:00,RE-PANT-55
ORD466688,627,CUST8316,CHIANGMAI,NEW_BALANCE,4,2024-04-15 14:29:47,NE-SOCK-43
ORD300912,8347,CUST5475,CHIANGMAI,NIKE,4,2024-07-19 11:08:43,NI-BAG-92
ORD867733,205,CUST6971,PATTAYA,PUMA,8,2024-09-03 21:38:35,PU-BAG-42
ORD402330,784,CUST6511,KHONKAEN,UNDER_ARMOUR,4,2024-08-23 22:21:57,UN-HAT-84
ORD963573,7696,CUST7689,PATTAYA,REEBOK,5,2024-01-28 05:20:13,RE-BAG-03
ORD597564,2592,CUST7866,CHIANGMAI,ADIDAS,9,2024-09-13 02:53:57,AD-SOCK-50
ORD424987,7553,CUST8355,PATTAYA,PUMA,7,2024-04-15 17:04:43,PU-SOCK-67
ORD875873,3021,CUST3346,PATTAYA,PUMA,3,2024-11-30 16:20:57,PU-SHIRT-98
ORD253572,3077,CUST3758,PHUKET,PUMA,9,2024-10-11 06:26:56,PU-PANT-61
ORD190088,4180,CUST9052,CHIANGMAI,ADIDAS,9,2024-12-06 19:24:46,AD-SHOE-08
ORD925637,5661,CUST6248,CHIANGMAI,REEBOK,4,2024-01-12 07:43:48,RE-PANT-88
ORD132160,1709,CUST7166,PATTAYA,REEBOK,8,2024-10-23 09:24:00,RE-HAT-26
ORD720823,7619,CUST3008,PATTAYA,PUMA,6,2024-09-11 08:30:38,PU-SOCK-39
ORD779547,7929,CUST2645,PATTAYA,UNDER_ARMOUR,3,2024-05-08 15:51:09,UN-PANT-16
ORD346441,6210,CUST6338,KHONKAEN,REEBOK,1,2024-05-26 07:04:42,RE-BAG-28
ORD843648,245,CUST6211,KHONKAEN,REEBOK,9,2024-10-24 22:54:59,RE-SHOE-56
ORD814061,1119,CUST9954,CHIANGMAI,NEW_BALANCE,5,2024-03-02 00:39:31,NE-SHOE-73
ORD331652,1465,CUST7188,CHIANGMAI,PUMA,6,2024-04-18 16:37:46,PU-PANT-19
ORD547365,3034,CUST9531,PATTAYA,UNDER_ARMOUR,6,2024-12-01 23:29:24,UN-PANT-92
ORD877709,6050,CUST8246,CHIANGMAI,ADIDAS,1,2024-01-28 01:06:49,AD-SHIRT-94
ORD387385,549,CUST7241,HATYAI,PUMA,8,2024-06-01 02:29:30,PU-SHOE-36
ORD920091,3798,CUST8604,BANGKOK,ADIDAS,9,2024-01-10 19:18:58,AD-BAG-64
ORD200544,9018,CUST8928,PATTAYA,PUMA,5,2024-10-21 11:01:25,PU-SHOE-95
ORD289093,2169,CUST2558,HATYAI,NEW_BALANCE,8,2024-11-01 12:25:03,NE-HAT-92
ORD947483,6083,CUST2037,CHIANGMAI,REEBOK,4,2024-11-11 11:58:00,RE-SHOE-88
ORD251033,7404,CUST5106,PHUKET,ADIDAS,3,2024-08-31 18:39:11,AD-SOCK-48
ORD112232,4366,CUST3363,KHONKAEN,ADIDAS,7,2024-12-16 02:31:53,AD-HAT-82
ORD504252,7481,CUST3910,CHIANGMAI,REEBOK,4,2024-09-08 11:56:11,RE-BAG-64
ORD384665,3733,CUST8727,BANGKOK,ADIDAS,6,2024-05-16 12:47:46,AD-PANT-57
ORD339112,8374,CUST7410,HATYAI,NIKE,7,2024-05-24 08:43:23,NI-SHOE-84
ORD273385,8762,CUST2172,PHUKET,NEW_BALANCE,1,2024-01-26 02:44:38,NE-BAG-50
ORD709060,606,CUST1735,HATYAI,NEW_BALANCE,5,2024-01-30 15:18:38,NE-PANT-94
ORD584009,257,CUST6020,PHUKET,ADIDAS,9,2024-04-28 05:25:49,AD-SOCK-99
ORD172345,6116,CUST7820,BANGKOK,NIKE,1,2024-06-27 12:52:23,NI-BAG-67
ORD956699,7364,CUST4352,PHUKET,REEBOK,8,2024-05-11 19:14:42,RE-SHIRT-80
ORD965538,1604,CUST6050,PATTAYA,REEBOK,7,2024-10-29 15:05:11,RE-HAT-81
ORD603145,3592,CUST4967,CHIANGMAI,REEBOK,2,2024-10-07 23:15:07,RE-HAT-80
ORD842014,4453,CUST8140,HATYAI,UNDER_ARMOUR,3,2024-10-17 05:51:57,UN-PANT-44
ORD624745,2796,CUST3507,KHONKAEN,UNDER_ARMOUR,2,2024-12-17 17:59:23,UN-SHIRT-59
ORD454453,8550,CUST2643,KHONKAEN,NEW_BALANCE,9,2024-10-01 09:30:50,NE-BAG-96
ORD238236,5561,CUST1826,HATYAI,ADIDAS,8,2024-04-10 15:19:29,AD-SOCK-36
ORD480515,6897,CUST2754,PATTAYA,NEW_BALANCE,6,2024-04-11 13:10:58,NE-PANT-38
ORD224435,9222,CUST2166,PATTAYA,ADIDAS,5,2024-06-13 13:12:52,AD-PANT-58
ORD757887,5101,CUST4140,PATTAYA,ADIDAS,5,2024-09-09 04:09:36,AD-PANT-90
ORD665121,7061,CUST9289,HATYAI,PUMA,7,2024-04-08 09:46:48,PU-BAG-53
ORD429216,105,CUST5349,BANGKOK,NIKE,3,2024-09-24 01:46:39,NI-SOCK-64
ORD595790,1947,CUST8083,KHONKAEN,ADIDAS,9,2024-07-05 15:36:19,AD-SOCK-85
ORD825236,5974,CUST6340,PHUKET,PUMA,5,2024-09-28 03:21:13,PU-SOCK-09
ORD640018,2309,CUST3554,PATTAYA,UNDER_ARMOUR,1,2024-09-17 14:15:35,UN-BAG-40
ORD134326,263,CUST3284,BANGKOK,ADIDAS,8,2024-11-20 23:20:23,AD-SHOE-19
ORD388975,9597,CUST6188,HATYAI,PUMA,7,2024-05-28 09:08:28,PU-HAT-65
ORD465416,6266,CUST9475,CHIANGMAI,NIKE,4,2024-04-09 02:30:58,NI-SHIRT-46
ORD259529,5799,CUST1067,PATTAYA,NIKE,5,2024-08-29 06:27:59,NI-SOCK-47
ORD281347,8928,CUST1767,CHIANGMAI,REEBOK,1,2024-10-26 01:18:28,RE-SHOE-22
ORD103217,1426,CUST7669,BANGKOK,REEBOK,6,2024-12-14 16:32:52,RE-PANT-33
ORD187666,6344,CUST4153,BANGKOK,UNDER_ARMOUR,3,2024-06-22 21:51:02,UN-BAG-53
ORD804699,7457,CUST9867,KHONKAEN,UNDER_ARMOUR,2,2024-05-10 21:45:09,UN-HAT-45
ORD461477,7559,CUST2139,CHIANGMAI,NIKE,9,2024-12-21 16:18:19,NI-SOCK-82
ORD832044,1496,CUST7128,KHONKAEN,NEW_BALANCE,8,2024-10-24 08:16:15,NE-PANT-33
ORD485666,5008,CUST8897,CHIANGMAI,UNDER_ARMOUR,6,2024-02-22 08:57:21,UN-BAG-23
ORD237692,4584,CUST8263,KHONKAEN,REEBOK,4,2024-04-30 01:01:34,RE-PANT-52
ORD496128,2915,CUST4047,PHUKET,REEBOK,3,2024-11-06 10:53:04,RE-SOCK-29
ORD137151,9062,CUST3561,BANGKOK,PUMA,9,2024-02-28 03:41:19,PU-BAG-29
ORD613912,3734,CUST9664,HATYAI,NEW_BALANCE,9,2024-03-25 03:46:26,NE-BAG-08
ORD289677,3295,CUST6416,PHUKET,PUMA,4,2024-06-16 21:22:56,PU-HAT-24
ORD619874,3549,CUST4494,PATTAYA,REEBOK,8,2024-06-18 11:47:59,RE-SHIRT-02
ORD286653,4101,CUST7700,CHIANGMAI,UNDER_ARMOUR,2,2024-02-10 15:04:33,UN-SHOE-77
ORD106789,8320,CUST6195,PHUKET,UNDER_ARMOUR,3,2024-10-03 16:56:21,UN-SHOE-12
ORD791995,3738,CUST2889,KHONKAEN,UNDER_ARMOUR,1,2024-03-23 02:17:36,UN-PANT-74
ORD741435,252,CUST8457,PATTAYA,NIKE,2,2024-03-18 07:29:10,NI-PANT-62
ORD800336,8453,CUST2237,CHIANGMAI,NEW_BALANCE,7,2024-04-21 09:10:25,NE-SHIRT-89
ORD151201,5497,CUST2295,CHIANGMAI,NEW_BALANCE,9,2024-04-05 00:58:15,NE-SHIRT-12
ORD591418,6760,CUST4851,HATYAI,ADIDAS,3,2024-06-06 09:05:38,AD-SHIRT-42
ORD901638,1937,CUST4111,HATYAI,ADIDAS,7,2024-03-02 22:32:36,AD-SOCK-59
ORD963523,3286,CUST6156,HATYAI,NIKE,3,2024-04-02 14:18:37,NI-SOCK-59
ORD363308,8250,CUST9147,HATYAI,REEBOK,8,2024-02-27 09:08:36,RE-SHOE-72
ORD522041,2477,CUST3695,HATYAI,REEBOK,5,2024-02-07 04:17:10,RE-SOCK-34
ORD123838,7543,CUST6524,PHUKET,UNDER_ARMOUR,4,2024-05-11 12:46:24,UN-PANT-22
ORD541519,2689,CUST3463,BANGKOK,PUMA,1,2024-09-11 17:06:34,PU-BAG-33
ORD728001,2821,CUST7990,BANGKOK,ADIDAS,5,2024-07-01 05:42:04,AD-HAT-26
ORD684072,2977,CUST9093,KHONKAEN,REEBOK,7,2024-04-05 16:25:28,RE-HAT-84
ORD181554,6607,CUST8411,KHONKAEN,NIKE,1,2024-08-06 17:01:31,NI-SHOE-84
ORD463646,5654,CUST8380,HATYAI,UNDER_ARMOUR,8,2024-09-30 06:31:05,UN-SOCK-24
ORD165545,4591,CUST4474,CHIANGMAI,REEBOK,7,2024-07-05 09:06:36,RE-SHIRT-93
ORD820412,1010,CUST5520,BANGKOK,NEW_BALANCE,1,2024-10-14 20:10:31,NE-BAG-24
ORD120161,9111,CUST4741,CHIANGMAI,UNDER_ARMOUR,2,2024-12-20 09:35:09,UN-BAG-10
ORD533631,1738,CUST8795,CHIANGMAI,NEW_BALANCE,6,2024-07-02 14:53:59,NE-HAT-43
ORD738082,8078,CUST7319,HATYAI,NIKE,4,2024-01-24 02:09:39,NI-HAT-36
ORD930588,4512,CUST3177,PATTAYA,PUMA,8,2024-11-07 07:30:28,PU-PANT-71
ORD289216,1440,CUST1340,PATTAYA,NEW_BALANCE,9,2024-03-11 11:31:30,NE-BAG-34
ORD128470,2787,CUST3016,HATYAI,ADIDAS,9,2024-12-14 17:23:06,AD-HAT-69
ORD823703,9929,CUST3760,PHUKET,NIKE,6,2024-04-21 22:03:49,NI-HAT-94
ORD561234,6671,CUST6517,CHIANGMAI,ADIDAS,4,2024-05-12 02:20:30,AD-HAT-17
ORD162899,5675,CUST9027,HATYAI,NEW_BALANCE,6,2024-03-20 01:52:15,NE-SOCK-77
ORD680230,6480,CUST2971,PATTAYA,ADIDAS,5,2024-07-28 18:26:52,AD-BAG-37
ORD145310,5524,CUST8522,PATTAYA,NEW_BALANCE,9,2024-11-05 14:21:03,NE-PANT-29
ORD270694,2747,CUST3259,CHIANGMAI,UNDER_ARMOUR,7,2024-05-26 03:43:29,UN-SHOE-59
ORD411889,9303,CUST7001,BANGKOK,UNDER_ARMOUR,1,2024-04-08 01:36:04,UN-SHIRT-87
ORD240847,460,CUST6456,KHONKAEN,NIKE,4,2024-07-21 00:13:55,NI-PANT-95
ORD399867,7620,CUST6915,CHIANGMAI,ADIDAS,6,2024-08-05 22:33:02,AD-SHOE-38
ORD195203,717,CUST7650,BANGKOK,ADIDAS,6,2024-03-18 00:00:44,AD-PANT-92
ORD255390,9651,CUST8679,CHIANGMAI,NEW_BALANCE,7,2024-07-22 08:26:43,NE-SHOE-12
ORD636218,1694,CUST5418,BANGKOK,PUMA,1,2024-12-23 12:00:13,PU-SHIRT-87
ORD379429,1020,CUST9632,PATTAYA,REEBOK,2,2024-12-15 01:28:11,RE-SHOE-80
ORD520640,9073,CUST9109,BANGKOK,PUMA,7,2024-03-23 04:08:20,PU-SOCK-63
ORD580576,9692,CUST3142,PATTAYA,PUMA,1,2024-07-24 17:24:46,PU-SOCK-95
ORD715809,1125,CUST9511,BANGKOK,UNDER_ARMOUR,7,2024-04-23 15:57:20,UN-HAT-26
ORD360910,7592,CUST6415,CHIANGMAI,NEW_BALANCE,7,2024-02-25 01:16:17,NE-BAG-47
ORD384955,7206,CUST7494,KHONKAEN,PUMA,3,2024-01-19 09:58:08,PU-SOCK-88
ORD827108,7076,CUST7970,HATYAI,NEW_BALANCE,9,2024-06-26 04:22:11,NE-PANT-34
ORD521969,126,CUST2168,KHONKAEN,UNDER_ARMOUR,9,2024-11-29 10:15:11,UN-PANT-04
ORD702637,5593,CUST8313,BANGKOK,ADIDAS,8,2024-10-05 04:06:32,AD-HAT-84
ORD596091,4381,CUST9243,KHONKAEN,UNDER_ARMOUR,8,2024-06-20 11:28:13,UN-HAT-78
ORD288632,4215,CUST5026,PHUKET,ADIDAS,4,2024-12-09 19:27:38,AD-BAG-39
ORD227518,6286,CUST3013,BANGKOK,UNDER_ARMOUR,9,2024-07-04 17:40:55,UN-PANT-97
ORD617579,2453,CUST9307,KHONKAEN,NIKE,4,2024-11-11 04:39:33,NI-SOCK-42
ORD212712,8181,CUST7283,PATTAYA,NEW_BALANCE,4,2024-08-19 15:29:49,NE-BAG-73
ORD841190,1354,CUST9583,HATYAI,REEBOK,8,2024-06-26 17:33:13,RE-SHIRT-44
ORD499170,6129,CUST1148,PHUKET,UNDER_ARMOUR,6,2024-02-13 01:35:37,UN-BAG-40
ORD292717,9846,CUST1074,PATTAYA,NIKE,6,2024-09-26 09:52:29,NI-SOCK-75
ORD639137,1821,CUST4441,CHIANGMAI,NIKE,9,2024-10-27 05:16:47,NI-SHOE-64
ORD936254,1781,CUST9597,BANGKOK,ADIDAS,9,2024-01-30 15:49:02,AD-SOCK-98
ORD480597,1820,CUST8164,HATYAI,REEBOK,2,2024-09-18 09:01:33,RE-SOCK-22
ORD329457,2668,CUST3974,CHIANGMAI,REEBOK,4,2024-08-10 22:13:23,RE-SOCK-09
ORD750510,2115,CUST3954,PHUKET,NEW_BALANCE,4,2024-12-05 07:06:35,NE-BAG-31
ORD674023,1958,CUST1965,BANGKOK,ADIDAS,3,2024-02-15 10:14:16,AD-SOCK-77
ORD167959,6429,CUST2582,BANGKOK,PUMA,9,2024-01-14 00:32:17,PU-SHOE-52
ORD372391,900,CUST2190,HATYAI,PUMA,8,2024-12-10 10:01:20,PU-SHIRT-92
ORD622738,1764,CUST5861,KHONKAEN,ADIDAS,8,2024-03-30 17:41:42,AD-SOCK-94
ORD634953,304,CUST4152,CHIANGMAI,ADIDAS,3,2024-05-17 06:15:20,AD-SHIRT-75
ORD273202,7868,CUST3738,PHUKET,PUMA,5,2024-05-10 22:34:35,PU-SHOE-86
ORD573642,6988,CUST6177,PHUKET,PUMA,4,2024-05-15 21:14:40,PU-BAG-12
ORD726704,8441,CUST9040,BANGKOK,ADIDAS,8,2024-08-23 07:16:24,AD-BAG-22
ORD244847,1668,CUST2426,PHUKET,REEBOK,8,2024-07-26 20:52:15,RE-SHIRT-70
ORD532500,9331,CUST5575,PATTAYA,PUMA,4,2024-07-15 15:53:14,PU-SHIRT-15
ORD264389,7100,CUST7759,KHONKAEN,NIKE,1,2024-09-14 21:02:42,NI-SHIRT-18
ORD393632,3750,CUST6407,HATYAI,ADIDAS,6,2024-09-27 06:32:32,AD-SHIRT-91
ORD554750,9340,CUST6112,PHUKET,NEW_BALANCE,3,2024-05-03 00:58:40,NE-SHOE-88
ORD574898,5281,CUST1514,HATYAI,UNDER_ARMOUR,4,2024-11-05 08:09:50,UN-PANT-86
ORD688868,4443,CUST4385,CHIANGMAI,PUMA,7,2024-04-05 00:58:43,PU-SHOE-26
ORD204568,4019,CUST7050,HATYAI,PUMA,6,2024-03-21 10:30:45,PU-BAG-29
ORD849008,4128,CUST6594,HATYAI,UNDER_ARMOUR,4,2024-04-03 04:21:50,UN-SOCK-49
ORD542671,7213,CUST3669,PATTAYA,ADIDAS,9,2024-01-08 14:06:25,AD-HAT-28
ORD712037,4918,CUST4365,PHUKET,NIKE,1,2024-02-26 05:16:07,NI-SOCK-56
ORD597069,7533,CUST6081,PATTAYA,ADIDAS,6,2024-05-21 16:48:20,AD-PANT-51
ORD388967,5438,CUST6287,CHIANGMAI,REEBOK,2,2024-06-15 06:17:36,RE-SHOE-09
ORD338545,5782,CUST9952,PATTAYA,ADIDAS,9,2024-12-20 04:29:26,AD-HAT-91
ORD963271,5492,CUST8313,PATTAYA,ADIDAS,5,2024-04-19 20:57:38,AD-BAG-49
ORD998626,4603,CUST7496,PATTAYA,PUMA,4,2024-04-26 01:22:32,PU-SOCK-87
ORD961555,6991,CUST2569,CHIANGMAI,UNDER_ARMOUR,4,2024-11-20 01:24:26,UN-SHIRT-14
ORD583339,551,CUST7848,CHIANGMAI,PUMA,6,2024-11-22 23:53:07,PU-BAG-87
ORD769936,1582,CUST3349,BANGKOK,NEW_BALANCE,4,2024-11-01 13:50:43,NE-HAT-61
ORD629261,7391,CUST2096,CHIANGMAI,REEBOK,2,2024-11-26 00:17:02,RE-SHOE-46
ORD600171,5606,CUST9590,PHUKET,ADIDAS,1,2024-04-10 06:37:36,AD-SHOE-44
ORD176599,2208,CUST8841,KHONKAEN,PUMA,5,2024-09-04 13:42:04,PU-BAG-51
ORD196842,9125,CUST2709,PATTAYA,NEW_BALANCE,1,2024-04-07 16:00:38,NE-BAG-96
ORD809895,7813,CUST4045,KHONKAEN,REEBOK,5,2024-06-28 11:27:18,RE-BAG-67
ORD969372,8663,CUST5519,CHIANGMAI,PUMA,6,2024-12-05 06:02:36,PU-SHOE-81
ORD349726,5287,CUST8452,KHONKAEN,PUMA,1,2024-09-09 23:09:00,PU-SOCK-10
ORD222338,6699,CUST8142,PATTAYA,UNDER_ARMOUR,9,2024-07-13 05:35:11,UN-BAG-58
ORD314040,2977,CUST3435,HATYAI,UNDER_ARMOUR,3,2024-09-07 13:43:50,UN-SHIRT-50
ORD278642,2607,CUST8525,PATTAYA,NIKE,5,2024-06-23 00:56:10,NI-SHOE-37
ORD153330,665,CUST6514,PHUKET,UNDER_ARMOUR,1,2024-10-09 14:13:33,UN-BAG-44
ORD332210,6197,CUST5207,PATTAYA,REEBOK,4,2024-12-16 05:43:01,RE-HAT-59
ORD771098,1819,CUST8627,PATTAYA,REEBOK,6,2024-01-09 07:51:58,RE-BAG-89
ORD418524,9711,CUST6801,PATTAYA,ADIDAS,1,2024-11-30 05:51:36,AD-SOCK-64
ORD548985,6246,CUST4689,PHUKET,NIKE,4,2024-10-24 04:19:36,NI-SOCK-06
ORD556237,2128,CUST8537,PATTAYA,NEW_BALANCE,6,2024-02-25 18:48:51,NE-SHOE-03
ORD831826,2025,CUST6124,CHIANGMAI,NIKE,3,2024-11-26 17:04:13,NI-SHIRT-41
ORD233115,128,CUST1566,CHIANGMAI,NIKE,4,2024-01-16 17:21:34,NI-SHOE-94
ORD445324,8766,CUST3405,HATYAI,UNDER_ARMOUR,6,2024-03-04 02:01:48,UN-SOCK-22
ORD441191,7405,CUST3935,PATTAYA,NEW_BALANCE,6,2024-02-20 07:16:33,NE-BAG-85
ORD659376,4808,CUST5447,PATTAYA,NIKE,3,2024-10-06 00:47:05,NI-SOCK-44
ORD194534,9499,CUST7298,HATYAI,NIKE,6,2024-09-07 10:36:31,NI-SOCK-46
ORD109570,2067,CUST9197,PATTAYA,ADIDAS,8,2024-11-16 23:15:18,AD-SOCK-45
ORD948251,839,CUST4241,CHIANGMAI,NEW_BALANCE,9,2024-10-28 17:40:07,NE-SOCK-40
ORD542343,4549,CUST8937,PATTAYA,ADIDAS,8,2024-04-11 06:42:26,AD-BAG-48
ORD509762,7563,CUST5029,CHIANGMAI,NEW_BALANCE,9,2024-02-18 22:02:55,NE-PANT-24
ORD176142,4133,CUST5637,PHUKET,NIKE,9,2024-12-06 16:10:12,NI-SOCK-26
ORD420221,3815,CUST4701,CHIANGMAI,NIKE,3,2024-04-09 06:21:18,NI-BAG-83
ORD155132,9147,CUST8858,PHUKET,ADIDAS,2,2024-03-30 20:49:07,AD-HAT-99
ORD468989,7994,CUST4937,BANGKOK,ADIDAS,8,2024-05-23 00:48:31,AD-SOCK-11
ORD425002,8621,CUST9300,HATYAI,PUMA,1,2024-06-30 14:46:51,PU-HAT-17
ORD664785,7867,CUST6438,BANGKOK,REEBOK,4,2024-11-16 04:11:12,RE-PANT-19
ORD579927,2675,CUST5671,PATTAYA,PUMA,8,2024-01-23 13:51:35,PU-BAG-21
ORD944917,8286,CUST6440,CHIANGMAI,ADIDAS,5,2024-12-18 02:51:58,AD-SHIRT-91
ORD877527,1135,CUST1160,KHONKAEN,REEBOK,8,2024-12-17 17:21:02,RE-BAG-39
ORD915890,2045,CUST9487,PHUKET,REEBOK,9,2024-05-12 20:36:57,RE-PANT-13
ORD805248,7887,CUST4670,KHONKAEN,UNDER_ARMOUR,1,2024-06-24 18:48:13,UN-SHIRT-83
ORD364387,9741,CUST6166,HATYAI,REEBOK,9,2024-05-05 16:22:35,RE-HAT-80
ORD162206,1232,CUST1528,HATYAI,REEBOK,2,2024-12-02 14:11:39,RE-SHIRT-47
ORD638813,8204,CUST8792,PATTAYA,UNDER_ARMOUR,5,2024-09-07 08:18:10,UN-HAT-49
ORD578831,4130,CUST7961,BANGKOK,PUMA,3,2024-12-28 23:01:42,PU-SHOE-90
ORD645443,1857,CUST2555,PATTAYA,PUMA,9,2024-06-19 19:00:15,PU-PANT-01
ORD778635,4602,CUST3244,CHIANGMAI,UNDER_ARMOUR,1,2024-01-06 08:03:52,UN-BAG-10
ORD962108,2392,CUST9651,BANGKOK,UNDER_ARMOUR,7,2024-05-05 06:33:38,UN-SOCK-07
ORD905780,8614,CUST6767,HATYAI,NIKE,3,2024-10-10 11:07:02,NI-SOCK-58
ORD731553,2852,CUST7140,CHIANGMAI,UNDER_ARMOUR,8,2024-11-16 19:31:24,UN-SHOE-16
ORD603712,7868,CUST8892,BANGKOK,ADIDAS,1,2024-11-22 13:14:15,AD-SHOE-22
ORD703516,7494,CUST9278,HATYAI,PUMA,5,2024-03-07 18:35:41,PU-SHOE-91
ORD462645,5806,CUST4511,PATTAYA,ADIDAS,6,2024-01-02 14:02:12,AD-BAG-20
ORD744549,293,CUST1165,PHUKET,PUMA,5,2024-12-01 06:56:02,PU-BAG-44
ORD725868,9175,CUST1514,HATYAI,UNDER_ARMOUR,6,2024-10-31 22:22:56,UN-HAT-70
ORD696630,8241,CUST2983,BANGKOK,PUMA,4,2024-06-22 00:20:14,PU-HAT-37
ORD942400,5832,CUST6254,KHONKAEN,NEW_BALANCE,7,2024-04-06 21:16:30,NE-SOCK-35
ORD652539,7894,CUST3913,KHONKAEN,REEBOK,2,2024-06-28 22:07:51,RE-BAG-99
ORD507426,1632,CUST6077,HATYAI,NEW_BALANCE,2,2024-07-06 07:17:19,NE-PANT-02
ORD969413,9088,CUST7536,KHONKAEN,REEBOK,9,2024-09-18 03:17:04,RE-SHIRT-92
ORD589700,9107,CUST5383,PHUKET,PUMA,9,2024-02-27 09:50:10,PU-SOCK-62
ORD936019,2432,CUST1882,HATYAI,REEBOK,9,2024-03-04 10:29:54,RE-BAG-27
ORD943516,2042,CUST7610,PHUKET,PUMA,1,2024-03-01 01:01:11,PU-SOCK-72
ORD966172,7825,CUST3113,CHIANGMAI,ADIDAS,4,2024-03-02 07:42:43,AD-SHIRT-48
ORD841575,3408,CUST9815,BANGKOK,UNDER_ARMOUR,6,2024-04-07 13:12:13,UN-SOCK-04
ORD754197,351,CUST3220,BANGKOK,NEW_BALANCE,9,2024-02-13 13:47:31,NE-PANT-31
ORD401222,6842,CUST6443,KHONKAEN,NEW_BALANCE,9,2024-07-05 22:54:42,NE-SOCK-84
ORD681560,3852,CUST6072,KHONKAEN,UNDER_ARMOUR,5,2024-01-31 14:31:00,UN-SHIRT-46
ORD261906,2810,CUST7386,KHONKAEN,NEW_BALANCE,9,2024-07-14 22:51:29,NE-SHIRT-23
ORD893691,2995,CUST3447,KHONKAEN,ADIDAS,2,2024-12-27 14:47:32,AD-SHIRT-04
ORD802136,4166,CUST5681,BANGKOK,ADIDAS,9,2024-04-27 14:37:17,AD-SOCK-55
ORD223894,2780,CUST6514,CHIANGMAI,PUMA,9,2024-10-25 03:42:40,PU-SHOE-20
ORD302454,6663,CUST2488,HATYAI,PUMA,6,2024-02-16 00:38:50,PU-PANT-93
ORD812678,2107,CUST6614,CHIANGMAI,REEBOK,4,2024-02-07 14:01:42,RE-HAT-23
ORD216791,290,CUST8898,PHUKET,UNDER_ARMOUR,3,2024-07-14 17:57:57,UN-BAG-24
ORD769167,3652,CUST7235,CHIANGMAI,REEBOK,5,2024-09-16 12:39:35,RE-BAG-06
ORD369908,4134,CUST3600,HATYAI,UNDER_ARMOUR,7,2024-06-09 12:28:05,UN-HAT-57
ORD462906,1871,CUST1450,BANGKOK,ADIDAS,4,2024-05-16 14:47:23,AD-PANT-09
ORD243335,2958,CUST2199,PHUKET,ADIDAS,2,2024-12-03 11:26:45,AD-HAT-27
ORD299855,894,CUST9454,PATTAYA,PUMA,8,2024-11-27 10:02:35,PU-BAG-44
ORD279937,9155,CUST1303,PATTAYA,NEW_BALANCE,4,2024-12-22 17:30:32,NE-SHOE-24
ORD788755,7174,CUST7331,HATYAI,NIKE,7,2024-09-12 12:55:37,NI-SHOE-33
ORD557837,7641,CUST5997,KHONKAEN,NEW_BALANCE,2,2024-11-02 18:12:26,NE-HAT-34
ORD563116,4626,CUST7653,CHIANGMAI,UNDER_ARMOUR,1,2024-09-25 06:34:32,UN-HAT-64
ORD677950,9889,CUST3559,CHIANGMAI,ADIDAS,6,2024-08-07 05:45:40,AD-SHOE-56
ORD500450,5243,CUST1701,PATTAYA,PUMA,4,2024-01-31 19:50:31,PU-SHOE-70
ORD577293,4469,CUST8770,KHONKAEN,REEBOK,9,2024-07-31 20:13:31,RE-BAG-57
ORD792228,9840,CUST5003,PHUKET,PUMA,8,2024-05-17 10:06:44,PU-PANT-82
ORD952909,9399,CUST4261,PATTAYA,NEW_BALANCE,3,2024-10-26 10:14:21,NE-SHIRT-80
ORD229104,6268,CUST3404,BANGKOK,REEBOK,9,2024-03-21 23:46:35,RE-SHOE-84
ORD854154,1923,CUST9042,CHIANGMAI,NEW_BALANCE,8,2024-02-08 13:46:56,NE-PANT-42
ORD199787,4880,CUST8135,PHUKET,PUMA,3,2024-10-01 18:30:05,PU-SHOE-82
ORD973107,3930,CUST5736,HATYAI,NEW_BALANCE,4,2024-03-22 12:37:12,NE-SHIRT-83
ORD430008,412,CUST3154,HATYAI,UNDER_ARMOUR,3,2024-02-25 04:15:14,UN-BAG-93
ORD615999,2443,CUST3656,KHONKAEN,ADIDAS,6,2024-01-09 17:15:16,AD-SHOE-42
ORD398957,2604,CUST2454,PATTAYA,PUMA,8,2024-02-13 18:36:59,PU-HAT-17
ORD696924,6095,CUST5096,CHIANGMAI,PUMA,7,2024-08-09 22:36:18,PU-SHOE-71
ORD793284,4811,CUST7353,BANGKOK,REEBOK,7,2024-08-07 15:55:56,RE-SHIRT-06
ORD200561,7011,CUST2242,HATYAI,NIKE,4,2024-08-30 09:49:33,NI-BAG-51
ORD380391,1223,CUST8937,KHONKAEN,ADIDAS,5,2024-07-18 21:50:46,AD-SOCK-07
ORD631032,6385,CUST1638,BANGKOK,REEBOK,7,2024-03-27 04:17:36,RE-BAG-42
ORD499486,1450,CUST8029,CHIANGMAI,REEBOK,6,2024-08-18 11:39:57,RE-SOCK-76
ORD266721,8356,CUST3757,PATTAYA,NIKE,8,2024-01-06 04:33:20,NI-SHIRT-87
ORD657491,3962,CUST6744,HATYAI,ADIDAS,8,2024-05-18 23:29:42,AD-SHIRT-63
ORD767648,6355,CUST7527,PATTAYA,ADIDAS,4,2024-08-23 00:01:02,AD-SOCK-89
ORD251333,9939,CUST1145,KHONKAEN,NEW_BALANCE,8,2024-10-25 01:04:30,NE-BAG-93
ORD505042,9565,CUST8729,CHIANGMAI,REEBOK,5,2024-05-06 01:03:52,RE-SOCK-64
ORD126802,273,CUST3471,CHIANGMAI,NIKE,3,2024-04-17 14:04:41,NI-SHIRT-14
ORD700958,8265,CUST8696,KHONKAEN,PUMA,8,2024-12-17 22:49:44,PU-SOCK-99
ORD991326,6630,CUST9073,KHONKAEN,UNDER_ARMOUR,6,2024-07-21 06:11:47,UN-SOCK-81
ORD573993,5279,CUST8217,PHUKET,REEBOK,8,2024-07-25 06:35:11,RE-PANT-45
ORD518823,8515,CUST1460,KHONKAEN,PUMA,2,2024-01-26 13:37:20,PU-SHOE-66
ORD101186,3439,CUST5638,CHIANGMAI,PUMA,5,2024-10-29 01:54:31,PU-HAT-68
ORD578980,2367,CUST6089,HATYAI,NEW_BALANCE,7,2024-11-11 05:06:06,NE-SHIRT-83
ORD553306,5716,CUST6125,PHUKET,NIKE,3,2024-10-06 03:39:49,NI-SOCK-97
ORD747010,3301,CUST2075,HATYAI,REEBOK,4,2024-05-06 16:26:06,RE-PANT-26
ORD467240,213,CUST1465,CHIANGMAI,UNDER_ARMOUR,7,2024-06-26 01:20:55,UN-PANT-66
ORD896777,4176,CUST3481,BANGKOK,UNDER_ARMOUR,7,2024-09-15 14:27:41,UN-HAT-75
ORD952409,2801,CUST7381,BANGKOK,ADIDAS,1,2024-06-12 19:21:00,AD-BAG-34
ORD992432,4822,CUST2277,CHIANGMAI,REEBOK,7,2024-07-02 05:15:39,RE-SOCK-49
ORD174176,2962,CUST4017,PHUKET,REEBOK,1,2024-03-16 12:38:18,RE-HAT-95
ORD637794,330,CUST6762,PATTAYA,UNDER_ARMOUR,7,2024-09-10 21:33:41,UN-HAT-86
ORD476057,615,CUST7149,BANGKOK,ADIDAS,5,2024-02-27 13:04:53,AD-SHIRT-18
ORD244576,3117,CUST4602,CHIANGMAI,PUMA,7,2024-11-23 06:07:03,PU-PANT-40
ORD942214,8601,CUST7269,PHUKET,UNDER_ARMOUR,5,2024-06-25 03:10:43,UN-HAT-22
ORD437554,2215,CUST4375,CHIANGMAI,NEW_BALANCE,3,2024-12-03 22:58:52,NE-PANT-04
ORD734086,6663,CUST3898,KHONKAEN,UNDER_ARMOUR,8,2024-04-21 14:27:29,UN-SOCK-27
ORD763864,8575,CUST8017,HATYAI,UNDER_ARMOUR,9,2024-10-28 05:53:27,UN-HAT-93
ORD432225,1487,CUST9685,BANGKOK,NIKE,2,2024-12-27 08:09:46,NI-HAT-39
ORD618805,151,CUST6179,PATTAYA,UNDER_ARMOUR,2,2024-05-25 16:15:33,UN-HAT-42
ORD507727,2055,CUST1725,KHONKAEN,NEW_BALANCE,5,2024-03-07 03:24:22,NE-SHIRT-46
ORD800779,2821,CUST2025,PATTAYA,PUMA,9,2024-02-01 09:48:25,PU-SHIRT-08
ORD359551,5309,CUST6849,BANGKOK,REEBOK,6,2024-02-04 21:41:06,RE-SOCK-66
ORD575293,9347,CUST7849,BANGKOK,REEBOK,4,2024-10-22 01:29:17,RE-HAT-03
ORD246596,3019,CUST8365,PHUKET,PUMA,9,2024-03-25 04:53:18,PU-SOCK-10
ORD702145,7631,CUST4766,BANGKOK,NIKE,8,2024-12-30 11:26:43,NI-PANT-95
ORD574281,347,CUST8823,PATTAYA,PUMA,7,2024-06-09 22:48:09,PU-SOCK-65
ORD640864,3243,CUST1142,PATTAYA,UNDER_ARMOUR,9,2024-07-07 17:18:10,UN-PANT-58
ORD217987,1498,CUST7267,PATTAYA,NIKE,6,2024-09-21 13:59:57,NI-PANT-50
ORD902470,2871,CUST4099,CHIANGMAI,REEBOK,7,2024-01-23 00:36:26,RE-BAG-44
ORD711404,9192,CUST1606,KHONKAEN,NIKE,3,2024-09-24 07:13:15,NI-SOCK-53
ORD471895,7078,CUST9956,BANGKOK,PUMA,8,2024-01-20 20:50:57,PU-SHOE-33
ORD129503,2682,CUST2437,CHIANGMAI,PUMA,6,2024-09-26 01:35:19,PU-PANT-71
ORD432671,5074,CUST3320,PATTAYA,REEBOK,4,2024-10-05 17:11:47,RE-BAG-36
ORD204107,9176,CUST6124,HATYAI,REEBOK,8,2024-09-19 14:22:54,RE-SOCK-32
ORD445446,9913,CUST2985,PATTAYA,PUMA,9,2024-07-29 22:04:50,PU-SHIRT-01
ORD333801,5733,CUST9383,CHIANGMAI,ADIDAS,2,2024-12-03 20:32:57,AD-SHIRT-13
ORD567195,1894,CUST5933,BANGKOK,NIKE,4,2024-01-15 16:14:19,NI-HAT-68
ORD534809,8109,CUST1042,KHONKAEN,REEBOK,8,2024-01-01 03:20:07,RE-SOCK-44
ORD625555,6349,CUST8328,HATYAI,PUMA,1,2024-10-23 11:21:54,PU-SOCK-95
ORD485207,8403,CUST4647,BANGKOK,REEBOK,7,2024-07-27 06:52:23,RE-PANT-86
ORD139708,1459,CUST2131,PATTAYA,NEW_BALANCE,8,2024-04-07 09:49:26,NE-HAT-92
ORD363227,1591,CUST2211,PHUKET,NIKE,4,2024-11-20 04:39:20,NI-SHOE-63
ORD629924,7229,CUST2762,CHIANGMAI,REEBOK,6,2024-02-10 05:06:37,RE-SOCK-12
ORD988440,7729,CUST6390,KHONKAEN,NIKE,8,2024-08-16 23:14:05,NI-HAT-64
ORD631785,6695,CUST1783,CHIANGMAI,PUMA,8,2024-03-21 21:25:08,PU-SOCK-55
ORD261137,5939,CUST2727,BANGKOK,NIKE,6,2024-03-16 22:42:53,NI-HAT-77
ORD169648,9050,CUST5295,CHIANGMAI,UNDER_ARMOUR,8,2024-02-07 11:43:16,UN-SHIRT-51
ORD666435,2927,CUST5916,KHONKAEN,NIKE,7,2024-11-01 23:34:02,NI-SHIRT-13
ORD322327,2472,CUST5394,PHUKET,ADIDAS,5,2024-10-23 17:37:56,AD-SHOE-41
ORD757068,2320,CUST4886,CHIANGMAI,UNDER_ARMOUR,3,2024-05-12 11:12:27,UN-SHIRT-22
ORD213401,5362,CUST1214,CHIANGMAI,UNDER_ARMOUR,7,2024-12-29 19:12:55,UN-SHOE-66
ORD390525,5785,CUST8548,HATYAI,NEW_BALANCE,1,2024-05-26 07:07:48,NE-HAT-22
ORD809927,7531,CUST9250,KHONKAEN,UNDER_ARMOUR,1,2024-11-09 02:48:54,UN-SHOE-31
ORD910894,1046,CUST3470,PHUKET,UNDER_ARMOUR,5,2024-08-21 00:22:22,UN-SHOE-44
ORD375653,758,CUST9386,PHUKET,REEBOK,4,2024-08-09 01:39:54,RE-BAG-64
ORD916877,5677,CUST3963,CHIANGMAI,REEBOK,5,2024-04-26 20:33:28,RE-SHIRT-06
ORD583261,6169,CUST5690,BANGKOK,UNDER_ARMOUR,3,2024-08-08 16:14:34,UN-SHOE-59
ORD631341,4244,CUST4729,BANGKOK,NEW_BALANCE,7,2024-12-03 15:56:18,NE-SHOE-12
ORD730069,6635,CUST1814,PATTAYA,NIKE,7,2024-10-20 19:01:32,NI-BAG-76
ORD695672,7464,CUST2637,PHUKET,ADIDAS,3,2024-12-30 04:36:07,AD-PANT-14
ORD299436,9485,CUST3186,KHONKAEN,NEW_BALANCE,2,2024-11-09 06:17:59,NE-SOCK-61
ORD811083,2855,CUST7822,HATYAI,REEBOK,8,2024-04-30 03:15:00,RE-SHOE-16
ORD496867,8000,CUST4022,HATYAI,PUMA,4,2024-12-01 19:30:56,PU-SHIRT-40
ORD228217,4682,CUST9500,KHONKAEN,UNDER_ARMOUR,3,2024-07-27 17:54:28,UN-BAG-14
ORD296514,5767,CUST5067,KHONKAEN,NEW_BALANCE,2,2024-02-14 00:33:46,NE-PANT-84
ORD659601,2290,CUST3483,BANGKOK,NEW_BALANCE,9,2024-03-22 00:39:52,NE-HAT-48
ORD773473,4076,CUST6733,CHIANGMAI,PUMA,4,2024-08-08 15:59:10,PU-BAG-29
ORD513613,2182,CUST1904,KHONKAEN,NEW_BALANCE,6,2024-05-31 12:31:46,NE-BAG-75
ORD733035,9288,CUST5016,PHUKET,REEBOK,2,2024-08-29 22:19:51,RE-SHIRT-01
ORD946237,5008,CUST5138,KHONKAEN,PUMA,8,2024-06-25 11:30:11,PU-HAT-99
ORD853790,1572,CUST3721,HATYAI,ADIDAS,5,2024-04-08 22:46:22,AD-BAG-77
ORD818325,935,CUST8825,BANGKOK,REEBOK,2,2024-03-09 15:25:52,RE-PANT-75
ORD524069,9834,CUST1881,PHUKET,REEBOK,6,2024-06-21 00:43:34,RE-HAT-73
ORD708137,1637,CUST2558,KHONKAEN,UNDER_ARMOUR,1,2024-08-12 02:12:13,UN-BAG-27
ORD154502,2461,CUST7927,KHONKAEN,REEBOK,7,2024-09-05 22:19:07,RE-SOCK-44
ORD177617,4526,CUST3879,HATYAI,NEW_BALANCE,8,2024-05-22 19:40:56,NE-SHOE-02
ORD773737,8117,CUST4192,KHONKAEN,NIKE,3,2024-06-30 19:22:22,NI-HAT-16
ORD835394,9419,CUST8458,PATTAYA,ADIDAS,3,2024-11-13 07:33:59,AD-BAG-97
ORD547313,3600,CUST6875,KHONKAEN,ADIDAS,7,2024-01-21 03:40:08,AD-PANT-23
ORD161306,1480,CUST3022,CHIANGMAI,PUMA,2,2024-08-13 05:40:29,PU-PANT-52
ORD954251,2197,CUST6932,PATTAYA,NIKE,8,2024-06-30 00:12:04,NI-SOCK-36
ORD941448,9358,CUST9133,HATYAI,UNDER_ARMOUR,8,2024-11-03 22:56:24,UN-PANT-03
ORD360504,9212,CUST3127,CHIANGMAI,ADIDAS,5,2024-03-25 10:11:48,AD-SOCK-14
ORD157661,9905,CUST3442,HATYAI,ADIDAS,1,2024-05-22 13:22:36,AD-SHOE-56
ORD958102,2100,CUST5330,PATTAYA,NEW_BALANCE,6,2024-03-06 20:40:18,NE-SHIRT-68
ORD507063,5614,CUST3454,BANGKOK,REEBOK,1,2024-05-03 19:51:12,RE-SHOE-79
ORD955130,4274,CUST1124,PHUKET,NEW_BALANCE,4,2024-03-23 08:04:09,NE-SOCK-56
ORD258985,4783,CUST9679,PHUKET,UNDER_ARMOUR,2,2024-12-10 03:41:23,UN-BAG-86
ORD992213,3066,CUST6878,BANGKOK,NEW_BALANCE,6,2024-01-25 00:18:45,NE-PANT-89
ORD265382,9242,CUST1329,CHIANGMAI,UNDER_ARMOUR,4,2024-10-27 00:01:45,UN-SOCK-04
ORD722114,836,CUST3626,PATTAYA,NEW_BALANCE,1,2024-11-09 07:51:21,NE-HAT-61
ORD215535,494,CUST8266,HATYAI,NEW_BALANCE,3,2024-10-27 19:39:51,NE-SOCK-30
ORD491499,8541,CUST2128,BANGKOK,ADIDAS,9,2024-03-20 20:18:18,AD-SOCK-06
ORD945615,4277,CUST9034,BANGKOK,REEBOK,5,2024-05-23 08:18:49,RE-SOCK-11
ORD468872,8734,CUST3185,HATYAI,ADIDAS,4,2024-03-07 15:21:38,AD-SOCK-39
ORD220670,3740,CUST9907,CHIANGMAI,PUMA,2,2024-04-11 08:44:07,PU-PANT-35
ORD998283,3600,CUST9506,HATYAI,NIKE,1,2024-12-04 18:57:29,NI-HAT-80
ORD726018,2233,CUST2711,HATYAI,PUMA,2,2024-03-14 19:49:39,PU-SOCK-92
ORD974155,2400,CUST3201,KHONKAEN,REEBOK,8,2024-07-06 08:54:08,RE-HAT-38
ORD482857,959,CUST4810,PHUKET,NEW_BALANCE,9,2024-07-13 20:12:46,NE-BAG-57
ORD748307,1180,CUST4815,PHUKET,UNDER_ARMOUR,4,2024-05-01 23:40:18,UN-SOCK-04
ORD243884,464,CUST7957,KHONKAEN,ADIDAS,9,2024-03-10 16:58:30,AD-SOCK-84
ORD406446,3424,CUST6352,CHIANGMAI,REEBOK,9,2024-08-10 10:20:58,RE-BAG-24
ORD467502,8152,CUST6780,KHONKAEN,UNDER_ARMOUR,5,2024-11-07 02:55:25,UN-SHIRT-80
ORD273542,4587,CUST1673,PHUKET,NEW_BALANCE,4,2024-10-24 20:09:32,NE-PANT-36
ORD254506,4753,CUST7175,BANGKOK,UNDER_ARMOUR,6,2024-05-28 18:28:50,UN-BAG-36
ORD173485,4349,CUST8857,BANGKOK,NEW_BALANCE,9,2024-07-14 13:35:23,NE-SHOE-32
ORD490316,8020,CUST2428,HATYAI,ADIDAS,4,2024-04-25 00:07:13,AD-SHOE-31
ORD416700,3675,CUST8414,HATYAI,PUMA,2,2024-08-16 08:33:38,PU-SHIRT-83
ORD321686,6805,CUST3935,CHIANGMAI,REEBOK,1,2024-06-30 17:17:14,RE-PANT-18
ORD444752,3980,CUST9468,PATTAYA,ADIDAS,9,2024-03-09 02:20:05,AD-BAG-10
ORD624536,3549,CUST7726,HATYAI,NEW_BALANCE,8,2024-04-03 04:47:39,NE-SOCK-93
ORD244424,921,CUST7496,KHONKAEN,NIKE,5,2024-04-25 20:59:57,NI-SHOE-73
ORD272265,7930,CUST8316,BANGKOK,NEW_BALANCE,3,2024-04-28 12:32:35,NE-BAG-39
ORD708988,4166,CUST3415,PATTAYA,REEBOK,6,2024-11-29 09:09:15,RE-SOCK-89
ORD354257,3423,CUST1367,HATYAI,REEBOK,1,2024-05-04 18:50:57,RE-SHIRT-77
ORD692351,9959,CUST2114,PHUKET,NIKE,9,2024-07-14 16:36:38,NI-HAT-89
ORD479087,2996,CUST5644,PATTAYA,NIKE,2,2024-11-25 13:38:58,NI-BAG-91
ORD240518,2401,CUST9838,HATYAI,ADIDAS,9,2024-03-23 00:58:10,AD-SOCK-52
ORD292063,1599,CUST7356,BANGKOK,UNDER_ARMOUR,2,2024-07-29 18:09:46,UN-SHOE-77
ORD248800,7820,CUST5695,CHIANGMAI,PUMA,3,2024-02-27 18:54:48,PU-BAG-34
ORD541447,8307,CUST5796,BANGKOK,ADIDAS,5,2024-06-23 13:37:00,AD-PANT-67
ORD399909,9306,CUST3191,PATTAYA,UNDER_ARMOUR,5,2024-01-21 14:53:36,UN-SOCK-28
ORD512436,3497,CUST8924,KHONKAEN,ADIDAS,1,2024-06-07 18:57:05,AD-SOCK-63
ORD876374,336,CUST4898,KHONKAEN,NIKE,3,2024-07-15 07:14:40,NI-HAT-67
ORD451326,3102,CUST2044,PHUKET,NIKE,1,2024-01-17 22:54:04,NI-BAG-32
ORD604194,6758,CUST2497,PHUKET,REEBOK,6,2024-05-10 21:52:29,RE-SHIRT-22
ORD952620,2299,CUST1862,PATTAYA,ADIDAS,6,2024-08-18 02:06:57,AD-PANT-05
ORD920665,6826,CUST4332,BANGKOK,NIKE,9,2024-08-23 07:45:49,NI-BAG-69
ORD602910,9920,CUST3802,PHUKET,PUMA,4,2024-11-12 18:54:12,PU-PANT-95
ORD393489,2878,CUST5060,HATYAI,REEBOK,8,2024-11-09 05:08:47,RE-BAG-25
ORD275154,1380,CUST1220,HATYAI,ADIDAS,1,2024-04-06 14:30:20,AD-SOCK-16
ORD433957,8592,CUST5450,HATYAI,ADIDAS,5,2024-09-21 03:36:44,AD-BAG-37
ORD802231,7033,CUST7356,BANGKOK,ADIDAS,2,2024-05-23 05:51:22,AD-SOCK-93
ORD323573,8641,CUST9738,BANGKOK,REEBOK,7,2024-04-13 15:15:23,RE-SHIRT-35
ORD323921,3439,CUST7831,CHIANGMAI,ADIDAS,5,2024-02-17 00:43:40,AD-SHIRT-69
ORD688648,1689,CUST5430,BANGKOK,ADIDAS,1,2024-02-25 00:21:36,AD-HAT-25
ORD385500,3489,CUST9154,KHONKAEN,REEBOK,6,2024-07-09 08:57:50,RE-SHIRT-16
ORD471489,4087,CUST2821,BANGKOK,PUMA,6,2024-04-24 07:56:52,PU-SOCK-70
ORD782986,8608,CUST9802,CHIANGMAI,PUMA,8,2024-04-12 16:49:11,PU-HAT-52
ORD954380,3868,CUST4020,PHUKET,ADIDAS,5,2024-04-07 10:44:30,AD-PANT-14
ORD401745,9146,CUST3391,HATYAI,REEBOK,8,2024-03-18 13:43:38,RE-SHOE-14
ORD719555,9026,CUST2075,BANGKOK,PUMA,4,2024-08-16 22:32:00,PU-PANT-35
ORD793107,6194,CUST6786,KHONKAEN,ADIDAS,8,2024-09-27 06:52:37,AD-BAG-14
ORD605446,2613,CUST7373,HATYAI,NIKE,6,2024-06-26 03:02:48,NI-SHOE-92
ORD133914,4666,CUST1620,KHONKAEN,PUMA,1,2024-09-15 00:15:31,PU-SHIRT-14
ORD369400,8236,CUST1204,HATYAI,UNDER_ARMOUR,7,2024-10-22 19:30:43,UN-PANT-95
ORD779563,9295,CUST6119,BANGKOK,REEBOK,4,2024-11-21 12:33:10,RE-HAT-37
ORD990369,5752,CUST7157,BANGKOK,REEBOK,4,2024-11-04 08:51:15,RE-PANT-69
ORD317014,8263,CUST9762,PHUKET,NEW_BALANCE,7,2024-08-03 05:01:47,NE-BAG-66
ORD473560,5643,CUST3560,PHUKET,NEW_BALANCE,5,2024-01-24 19:36:28,NE-SHIRT-13
ORD121684,3312,CUST9845,HATYAI,ADIDAS,6,2024-02-12 01:08:05,AD-SHIRT-28
ORD100756,6385,CUST3664,KHONKAEN,NEW_BALANCE,2,2024-04-07 05:28:03,NE-HAT-95
ORD355394,6824,CUST4554,KHONKAEN,REEBOK,4,2024-10-19 13:26:00,RE-SHOE-40
ORD574535,4201,CUST5108,BANGKOK,NEW_BALANCE,2,2024-10-04 02:25:11,NE-PANT-75
ORD515328,2519,CUST2807,PATTAYA,PUMA,5,2024-05-14 19:43:19,PU-BAG-55
ORD571554,4377,CUST1516,KHONKAEN,NEW_BALANCE,1,2024-02-20 01:48:13,NE-SHIRT-53
ORD676642,6637,CUST3796,KHONKAEN,UNDER_ARMOUR,4,2024-01-11 16:14:15,UN-SHIRT-63
ORD516326,747,CUST7994,KHONKAEN,NEW_BALANCE,7,2024-04-15 04:41:35,NE-SOCK-47
ORD767030,7712,CUST6940,KHONKAEN,ADIDAS,8,2024-03-10 22:09:08,AD-HAT-67
ORD698384,1469,CUST2634,CHIANGMAI,UNDER_ARMOUR,8,2024-06-15 05:48:41,UN-SHOE-78
ORD267814,5324,CUST1301,BANGKOK,NIKE,8,2024-07-02 21:30:12,NI-PANT-30
ORD346793,404,CUST5887,PATTAYA,PUMA,9,2024-03-12 20:30:23,PU-HAT-89
ORD592129,6024,CUST1712,HATYAI,NIKE,9,2024-09-05 04:15:47,NI-SOCK-85
ORD211088,5971,CUST4798,HATYAI,UNDER_ARMOUR,8,2024-08-25 09:31:02,UN-SHIRT-70
ORD132991,4349,CUST8484,BANGKOK,NEW_BALANCE,2,2024-12-14 18:52:17,NE-SHIRT-05
ORD921645,4260,CUST3498,BANGKOK,UNDER_ARMOUR,9,2024-12-15 03:20:56,UN-HAT-45
ORD947460,5206,CUST8727,PATTAYA,NEW_BALANCE,9,2024-09-28 21:50:20,NE-SHIRT-70
ORD816835,6632,CUST2935,PATTAYA,REEBOK,6,2024-02-12 06:36:22,RE-PANT-36
ORD118765,9767,CUST5375,PATTAYA,ADIDAS,7,2024-12-19 12:14:34,AD-SHIRT-09
ORD304610,8829,CUST7288,HATYAI,ADIDAS,9,2024-02-05 07:40:48,AD-BAG-30
ORD394298,1286,CUST6360,PHUKET,NEW_BALANCE,1,2024-04-10 21:19:26,NE-SHIRT-57
ORD712270,5624,CUST1435,CHIANGMAI,REEBOK,4,2024-06-01 05:22:22,RE-SHOE-55
ORD775183,315,CUST6219,KHONKAEN,ADIDAS,1,2024-03-31 11:39:07,AD-PANT-61
ORD607000,5621,CUST1019,PATTAYA,ADIDAS,9,2024-12-14 20:52:47,AD-BAG-57
ORD981993,1294,CUST9234,CHIANGMAI,ADIDAS,8,2024-12-21 09:42:20,AD-SHOE-12
ORD940309,4188,CUST9761,HATYAI,REEBOK,3,2024-03-30 09:00:45,RE-BAG-97
ORD569754,6047,CUST6191,PATTAYA,REEBOK,9,2024-08-31 05:04:24,RE-SHIRT-62
ORD224391,3957,CUST4892,CHIANGMAI,NEW_BALANCE,7,2024-05-11 07:15:00,NE-SOCK-53
ORD368732,5292,CUST1608,PHUKET,PUMA,5,2024-07-01 22:11:24,PU-SOCK-80
ORD718776,8165,CUST9106,HATYAI,REEBOK,3,2024-11-22 02:10:46,RE-SOCK-09
ORD608666,4436,CUST5764,BANGKOK,NEW_BALANCE,9,2024-06-07 06:22:37,NE-BAG-37
ORD805723,5368,CUST6400,CHIANGMAI,UNDER_ARMOUR,4,2024-01-24 10:27:50,UN-SHOE-51
ORD658882,1846,CUST8563,CHIANGMAI,NEW_BALANCE,1,2024-11-08 18:15:49,NE-SOCK-22
ORD806904,593,CUST2639,KHONKAEN,NEW_BALANCE,1,2024-08-20 18:04:45,NE-SOCK-25
ORD307429,9871,CUST6327,CHIANGMAI,PUMA,4,2024-10-25 13:34:05,PU-SHIRT-46
ORD434259,6939,CUST3479,KHONKAEN,UNDER_ARMOUR,2,2024-08-13 01:20:34,UN-SHOE-91
ORD402673,3116,CUST7654,PHUKET,ADIDAS,2,2024-08-20 07:05:37,AD-SOCK-12
ORD967688,8924,CUST5925,HATYAI,ADIDAS,7,2024-08-26 11:56:55,AD-SHIRT-38
ORD240058,2442,CUST5519,HATYAI,PUMA,7,2024-11-02 09:58:17,PU-HAT-91
ORD183644,5228,CUST5483,KHONKAEN,NEW_BALANCE,3,2024-02-20 07:16:45,NE-SOCK-20
ORD972066,7251,CUST7973,HATYAI,NEW_BALANCE,5,2024-10-24 04:36:22,NE-SHIRT-89
ORD577601,4686,CUST8169,HATYAI,ADIDAS,1,2024-01-19 10:49:05,AD-SHOE-18
ORD126442,7665,CUST8603,BANGKOK,ADIDAS,2,2024-09-12 21:50:21,AD-HAT-96
ORD525217,5956,CUST7324,HATYAI,UNDER_ARMOUR,4,2024-07-02 13:07:40,UN-PANT-86
ORD117853,5453,CUST3742,HATYAI,REEBOK,7,2024-11-07 15:30:06,RE-SHIRT-78
ORD457323,8418,CUST8493,HATYAI,PUMA,8,2024-09-17 06:21:53,PU-HAT-42
ORD993656,2851,CUST7362,HATYAI,UNDER_ARMOUR,4,2024-07-20 16:27:38,UN-SOCK-32
ORD617186,9567,CUST7569,HATYAI,PUMA,7,2024-08-22 12:18:57,PU-SOCK-02
ORD929208,4588,CUST2271,HATYAI,REEBOK,7,2024-08-10 01:08:17,RE-BAG-78
ORD570496,4410,CUST5402,CHIANGMAI,PUMA,4,2024-12-13 06:17:33,PU-SOCK-07
ORD961022,7268,CUST9971,KHONKAEN,UNDER_ARMOUR,5,2024-09-27 04:09:11,UN-BAG-29
ORD419150,9248,CUST3890,PHUKET,UNDER_ARMOUR,4,2024-04-29 23:47:52,UN-SHOE-48
ORD335304,8812,CUST7533,KHONKAEN,NIKE,5,2024-06-07 01:57:11,NI-SHOE-26
ORD262971,7671,CUST8110,PHUKET,ADIDAS,7,2024-03-02 18:38:44,AD-BAG-79
ORD462165,748,CUST4493,PATTAYA,REEBOK,9,2024-11-10 11:58:11,RE-BAG-45
ORD517499,4758,CUST4179,KHONKAEN,NIKE,1,2024-12-07 05:15:00,NI-PANT-65
ORD278183,5235,CUST9537,CHIANGMAI,PUMA,5,2024-12-04 22:28:17,PU-SOCK-54
ORD309082,338,CUST3288,PATTAYA,NEW_BALANCE,5,2024-08-08 01:12:56,NE-SOCK-05
ORD563153,1371,CUST3074,CHIANGMAI,UNDER_ARMOUR,1,2024-04-10 17:05:59,UN-SHIRT-02
ORD127125,9532,CUST1693,PATTAYA,ADIDAS,7,2024-03-03 01:07:44,AD-SOCK-05
ORD605426,6687,CUST2992,PATTAYA,NEW_BALANCE,1,2024-09-30 08:44:31,NE-BAG-18
ORD143243,630,CUST6152,KHONKAEN,PUMA,8,2024-08-28 20:29:04,PU-SOCK-51
ORD113915,2971,CUST1305,PATTAYA,PUMA,8,2024-10-09 09:01:45,PU-HAT-55
ORD411132,1408,CUST1325,CHIANGMAI,ADIDAS,4,2024-03-26 07:30:13,AD-HAT-10
ORD912375,7093,CUST4511,BANGKOK,UNDER_ARMOUR,5,2024-09-07 11:11:32,UN-SHIRT-76
ORD275899,1658,CUST9004,PATTAYA,REEBOK,8,2024-01-05 15:47:30,RE-BAG-85
ORD141534,5827,CUST2922,CHIANGMAI,PUMA,2,2024-10-27 21:09:54,PU-SOCK-41
ORD651696,1854,CUST3592,HATYAI,NIKE,5,2024-05-28 02:41:29,NI-SHOE-14
ORD610578,8585,CUST6882,HATYAI,ADIDAS,5,2024-04-21 21:44:20,AD-BAG-08
ORD784891,1752,CUST1303,HATYAI,UNDER_ARMOUR,1,2024-05-10 17:38:30,UN-BAG-28
ORD746140,9130,CUST9586,PATTAYA,ADIDAS,6,2024-01-07 09:00:11,AD-HAT-62
ORD907710,1557,CUST6808,PATTAYA,NEW_BALANCE,2,2024-10-11 02:43:10,NE-SOCK-32
ORD318790,7971,CUST7293,KHONKAEN,NEW_BALANCE,1,2024-04-06 10:07:27,NE-HAT-67
ORD218313,6432,CUST4150,PHUKET,ADIDAS,3,2024-01-02 20:52:16,AD-SOCK-63
ORD629338,2739,CUST1182,CHIANGMAI,NEW_BALANCE,4,2024-08-11 22:26:35,NE-BAG-63
ORD588148,7743,CUST6009,PHUKET,PUMA,7,2024-11-26 16:34:30,PU-PANT-65
ORD170037,9896,CUST6992,PHUKET,NIKE,8,2024-10-29 16:27:37,NI-HAT-39
ORD176130,5464,CUST2558,KHONKAEN,REEBOK,9,2024-04-08 23:31:26,RE-SOCK-04
ORD996362,8661,CUST7466,HATYAI,REEBOK,3,2024-10-03 01:34:46,RE-HAT-78
ORD485349,4830,CUST8366,BANGKOK,UNDER_ARMOUR,2,2024-09-09 02:59:35,UN-SHIRT-26
ORD435578,8734,CUST1076,HATYAI,UNDER_ARMOUR,9,2024-10-16 04:08:17,UN-SOCK-63
ORD816819,4474,CUST7275,BANGKOK,UNDER_ARMOUR,1,2024-06-05 10:44:12,UN-BAG-97
ORD985641,1259,CUST1379,KHONKAEN,REEBOK,4,2024-12-06 05:57:23,RE-HAT-31
ORD723761,4840,CUST7952,PATTAYA,REEBOK,4,2024-01-15 15:41:08,RE-PANT-14
ORD122734,5268,CUST7658,CHIANGMAI,PUMA,4,2024-08-01 21:25:07,PU-SHIRT-59
ORD955563,7104,CUST1121,BANGKOK,REEBOK,3,2024-08-05 02:59:48,RE-BAG-59
ORD700842,9200,CUST9354,HATYAI,PUMA,8,2024-06-09 08:59:52,PU-HAT-51
ORD937129,2135,CUST6963,PATTAYA,REEBOK,4,2024-11-22 10:57:55,RE-BAG-09
ORD920316,9321,CUST9817,BANGKOK,ADIDAS,1,2024-11-21 00:47:01,AD-PANT-67
ORD179431,7391,CUST7402,PATTAYA,REEBOK,7,2024-07-18 00:45:08,RE-SOCK-87
ORD642509,6761,CUST9945,BANGKOK,ADIDAS,4,2024-10-17 00:07:04,AD-SOCK-36
ORD233992,9219,CUST1689,PATTAYA,NIKE,5,2024-05-08 06:39:14,NI-PANT-67
ORD734742,9283,CUST9059,BANGKOK,REEBOK,4,2024-06-09 20:13:17,RE-SHIRT-30
ORD854236,9676,CUST5828,BANGKOK,REEBOK,7,2024-07-28 11:52:03,RE-PANT-83
ORD105099,5814,CUST1308,BANGKOK,NIKE,6,2024-02-18 16:39:07,NI-SHOE-40
ORD842431,9340,CUST5862,CHIANGMAI,UNDER_ARMOUR,5,2024-05-22 13:21:51,UN-SHOE-16
ORD731742,9017,CUST9065,BANGKOK,PUMA,7,2024-10-03 00:00:39,PU-SOCK-82
ORD122062,3320,CUST3981,HATYAI,PUMA,9,2024-11-09 00:15:34,PU-HAT-69
ORD706917,509,CUST9937,CHIANGMAI,NIKE,3,2024-01-07 05:05:16,NI-SHOE-46
ORD197449,9828,CUST3374,HATYAI,REEBOK,9,2024-11-05 10:29:38,RE-PANT-30
ORD249813,7016,CUST8196,BANGKOK,NIKE,5,2024-10-25 18:32:15,NI-SHOE-31
ORD366106,8294,CUST2908,PHUKET,PUMA,3,2024-03-14 05:46:59,PU-SHIRT-33
ORD995560,3530,CUST8198,HATYAI,REEBOK,8,2024-01-29 21:19:15,RE-SHIRT-31
ORD386887,4987,CUST1620,KHONKAEN,NIKE,3,2024-10-15 13:27:07,NI-SHOE-40
ORD513308,3451,CUST4119,PATTAYA,ADIDAS,7,2024-01-02 04:07:43,AD-SOCK-42
ORD947993,9687,CUST4675,PHUKET,REEBOK,8,2024-05-25 01:47:45,RE-SHIRT-25
ORD991610,9444,CUST3170,BANGKOK,NIKE,5,2024-01-03 05:43:59,NI-HAT-29
ORD188604,7863,CUST3349,CHIANGMAI,REEBOK,9,2024-01-23 17:32:42,RE-SHOE-14
ORD476635,7313,CUST1393,PATTAYA,ADIDAS,1,2024-11-17 16:45:27,AD-HAT-28
ORD687890,314,CUST6964,PATTAYA,NIKE,6,2024-12-06 16:50:48,NI-SHIRT-22
ORD749851,9498,CUST5842,CHIANGMAI,ADIDAS,8,2024-05-08 17:14:48,AD-SHIRT-18
ORD834725,6528,CUST7485,PATTAYA,NIKE,1,2024-04-22 15:28:43,NI-PANT-42
ORD447378,9911,CUST4179,CHIANGMAI,UNDER_ARMOUR,1,2024-06-17 12:45:13,UN-SHIRT-22
ORD982134,1197,CUST8540,HATYAI,ADIDAS,2,2024-12-13 15:48:04,AD-SOCK-73
ORD670995,8477,CUST2530,BANGKOK,UNDER_ARMOUR,8,2024-07-09 07:05:57,UN-PANT-30
ORD260456,5022,CUST5885,PATTAYA,NEW_BALANCE,4,2024-12-22 23:41:03,NE-BAG-72
ORD770308,8237,CUST6262,KHONKAEN,ADIDAS,4,2024-04-15 04:02:20,AD-HAT-03
ORD500798,1866,CUST5847,PHUKET,ADIDAS,8,2024-11-12 22:26:19,AD-BAG-40
ORD734909,8809,CUST4634,PHUKET,ADIDAS,1,2024-02-29 07:40:03,AD-SHIRT-13
ORD444166,1315,CUST6723,CHIANGMAI,PUMA,1,2024-04-12 09:53:15,PU-SOCK-37
ORD469964,1975,CUST2791,HATYAI,NIKE,2,2024-07-14 04:09:11,NI-BAG-28
ORD251994,9909,CUST7007,PATTAYA,ADIDAS,5,2024-12-24 07:24:00,AD-BAG-97
ORD294003,8314,CUST3253,KHONKAEN,PUMA,3,2024-03-29 07:19:17,PU-BAG-83
ORD628373,2728,CUST6488,CHIANGMAI,NIKE,8,2024-09-24 14:54:20,NI-SOCK-73
ORD319565,9947,CUST2724,BANGKOK,UNDER_ARMOUR,2,2024-12-25 23:36:35,UN-SHIRT-90
ORD178818,7536,CUST1964,HATYAI,PUMA,9,2024-04-03 10:42:06,PU-HAT-61
ORD858344,426,CUST3540,BANGKOK,PUMA,7,2024-01-06 13:10:23,PU-SOCK-71
ORD609563,1201,CUST4952,PATTAYA,PUMA,5,2024-12-17 17:31:31,PU-SHOE-90
ORD986720,1206,CUST1668,CHIANGMAI,NIKE,5,2024-05-31 21:17:37,NI-BAG-07
ORD604485,3443,CUST6175,PHUKET,REEBOK,8,2024-05-09 15:19:48,RE-BAG-51
ORD923231,2306,CUST4172,BANGKOK,UNDER_ARMOUR,9,2024-08-07 15:14:40,UN-SHIRT-92
ORD596865,395,CUST1810,BANGKOK,NEW_BALANCE,6,2024-05-31 14:40:17,NE-BAG-36
ORD295765,9556,CUST6950,KHONKAEN,NEW_BALANCE,5,2024-01-05 23:40:16,NE-BAG-80
ORD256037,2338,CUST2643,BANGKOK,PUMA,4,2024-04-28 03:19:46,PU-SOCK-91
ORD111615,6600,CUST8362,KHONKAEN,NEW_BALANCE,4,2024-01-14 01:37:40,NE-SHIRT-02
ORD793088,7470,CUST2118,HATYAI,UNDER_ARMOUR,7,2024-01-01 02:47:46,UN-SHIRT-88
ORD290017,7825,CUST1393,PATTAYA,NIKE,7,2024-01-09 09:02:43,NI-BAG-47
ORD505490,4933,CUST3653,PHUKET,ADIDAS,1,2024-10-30 14:43:26,AD-HAT-22
ORD301677,1618,CUST7867,PATTAYA,ADIDAS,8,2024-05-19 04:12:25,AD-SOCK-23
ORD682584,1918,CUST7502,KHONKAEN,UNDER_ARMOUR,6,2024-08-20 21:47:42,UN-HAT-41
ORD854798,961,CUST9354,KHONKAEN,NIKE,6,2024-06-15 11:36:49,NI-HAT-20
ORD502148,9005,CUST2481,CHIANGMAI,UNDER_ARMOUR,2,2024-07-22 00:44:48,UN-HAT-71
ORD726907,9581,CUST5984,CHIANGMAI,ADIDAS,1,2024-01-11 10:09:26,AD-SHIRT-33
ORD497027,7393,CUST5714,HATYAI,ADIDAS,3,2024-11-29 04:02:54,AD-BAG-89
ORD904144,2527,CUST3349,BANGKOK,ADIDAS,3,2024-11-21 14:34:33,AD-HAT-44
ORD626112,7219,CUST2747,CHIANGMAI,UNDER_ARMOUR,6,2024-12-29 16:07:59,UN-HAT-48
ORD376800,6586,CUST5535,KHONKAEN,NIKE,3,2024-01-16 07:47:08,NI-BAG-09
ORD943223,258,CUST2562,KHONKAEN,UNDER_ARMOUR,5,2024-02-26 19:09:09,UN-SHIRT-09
ORD851586,3320,CUST7008,CHIANGMAI,PUMA,2,2024-02-07 01:25:24,PU-BAG-94
ORD335791,4374,CUST8581,KHONKAEN,REEBOK,6,2024-08-29 20:16:34,RE-BAG-78
ORD554560,9583,CUST7456,HATYAI,REEBOK,2,2024-07-09 12:11:07,RE-HAT-45
ORD522294,3087,CUST7308,CHIANGMAI,REEBOK,7,2024-04-13 02:46:37,RE-BAG-19
ORD749629,5923,CUST6329,HATYAI,REEBOK,9,2024-11-08 00:36:30,RE-HAT-40
ORD979739,8396,CUST7679,PATTAYA,NIKE,6,2024-07-16 09:17:21,NI-SHOE-52
ORD381293,7745,CUST3331,PHUKET,UNDER_ARMOUR,7,2024-02-15 01:48:44,UN-BAG-08
ORD275448,9318,CUST2537,HATYAI,REEBOK,2,2024-10-22 01:11:51,RE-SHIRT-86
ORD909600,6523,CUST4460,KHONKAEN,UNDER_ARMOUR,5,2024-05-13 14:45:56,UN-BAG-08
ORD156162,9313,CUST2922,HATYAI,NEW_BALANCE,5,2024-02-04 06:30:01,NE-SOCK-88
